"patient","source","target","pathway","interaction","eligible","expression_support_10pct","ligand_receptor_expression_product"
"SCH1","myeSC","C3high_Myeloid","MIF","MIF_CD74_CXCR4",TRUE,TRUE,28.3742690776873
"SCH2","myeSC","C3high_Myeloid","MIF","MIF_CD74_CXCR4",FALSE,,
"SCH3","myeSC","C3high_Myeloid","MIF","MIF_CD74_CXCR4",FALSE,,
"SCH4","myeSC","C3high_Myeloid","MIF","MIF_CD74_CXCR4",TRUE,TRUE,216.78286179453
"SCH5","myeSC","C3high_Myeloid","MIF","MIF_CD74_CXCR4",FALSE,,
"SCH6","myeSC","C3high_Myeloid","MIF","MIF_CD74_CXCR4",TRUE,TRUE,241.972131087765
"SCH7","myeSC","C3high_Myeloid","MIF","MIF_CD74_CXCR4",FALSE,,
"SCH8","myeSC","C3high_Myeloid","MIF","MIF_CD74_CXCR4",FALSE,,
"SCH9","myeSC","C3high_Myeloid","MIF","MIF_CD74_CXCR4",TRUE,TRUE,194.586226212791
"SCH13","myeSC","C3high_Myeloid","MIF","MIF_CD74_CXCR4",FALSE,,
"SCH14","myeSC","C3high_Myeloid","MIF","MIF_CD74_CXCR4",TRUE,TRUE,248.95607145084
"SCH1","nmSC","C3high_Myeloid","MIF","MIF_CD74_CXCR4",TRUE,TRUE,45.3833921771278
"SCH2","nmSC","C3high_Myeloid","MIF","MIF_CD74_CXCR4",TRUE,TRUE,269.740413930806
"SCH3","nmSC","C3high_Myeloid","MIF","MIF_CD74_CXCR4",TRUE,TRUE,123.581728811922
"SCH4","nmSC","C3high_Myeloid","MIF","MIF_CD74_CXCR4",TRUE,TRUE,293.433854831604
"SCH5","nmSC","C3high_Myeloid","MIF","MIF_CD74_CXCR4",TRUE,TRUE,260.861131595029
"SCH6","nmSC","C3high_Myeloid","MIF","MIF_CD74_CXCR4",TRUE,TRUE,201.264432633243
"SCH7","nmSC","C3high_Myeloid","MIF","MIF_CD74_CXCR4",TRUE,TRUE,168.832258987975
"SCH8","nmSC","C3high_Myeloid","MIF","MIF_CD74_CXCR4",TRUE,TRUE,264.639849619778
"SCH9","nmSC","C3high_Myeloid","MIF","MIF_CD74_CXCR4",TRUE,TRUE,120.538693729278
"SCH13","nmSC","C3high_Myeloid","MIF","MIF_CD74_CXCR4",TRUE,TRUE,115.726602668574
"SCH14","nmSC","C3high_Myeloid","MIF","MIF_CD74_CXCR4",TRUE,TRUE,238.156625879895
"SCH1","myeSC","C3low_Myeloid","MIF","MIF_CD74_CXCR4",TRUE,TRUE,38.1491270955683
"SCH2","myeSC","C3low_Myeloid","MIF","MIF_CD74_CXCR4",FALSE,,
"SCH3","myeSC","C3low_Myeloid","MIF","MIF_CD74_CXCR4",FALSE,,
"SCH4","myeSC","C3low_Myeloid","MIF","MIF_CD74_CXCR4",TRUE,TRUE,280.167099151569
"SCH5","myeSC","C3low_Myeloid","MIF","MIF_CD74_CXCR4",FALSE,,
"SCH6","myeSC","C3low_Myeloid","MIF","MIF_CD74_CXCR4",TRUE,TRUE,267.127404763212
"SCH7","myeSC","C3low_Myeloid","MIF","MIF_CD74_CXCR4",FALSE,,
"SCH8","myeSC","C3low_Myeloid","MIF","MIF_CD74_CXCR4",FALSE,,
"SCH9","myeSC","C3low_Myeloid","MIF","MIF_CD74_CXCR4",TRUE,TRUE,201.89318290999
"SCH13","myeSC","C3low_Myeloid","MIF","MIF_CD74_CXCR4",FALSE,,
"SCH14","myeSC","C3low_Myeloid","MIF","MIF_CD74_CXCR4",TRUE,TRUE,264.787059200877
"SCH1","nmSC","C3low_Myeloid","MIF","MIF_CD74_CXCR4",TRUE,TRUE,61.0178465374018
"SCH2","nmSC","C3low_Myeloid","MIF","MIF_CD74_CXCR4",TRUE,TRUE,333.719735296373
"SCH3","nmSC","C3low_Myeloid","MIF","MIF_CD74_CXCR4",TRUE,TRUE,127.755619040482
"SCH4","nmSC","C3low_Myeloid","MIF","MIF_CD74_CXCR4",TRUE,TRUE,379.229756542994
"SCH5","nmSC","C3low_Myeloid","MIF","MIF_CD74_CXCR4",TRUE,TRUE,317.430199888357
"SCH6","nmSC","C3low_Myeloid","MIF","MIF_CD74_CXCR4",TRUE,TRUE,222.187759056261
"SCH7","nmSC","C3low_Myeloid","MIF","MIF_CD74_CXCR4",TRUE,TRUE,216.759044890592
"SCH8","nmSC","C3low_Myeloid","MIF","MIF_CD74_CXCR4",TRUE,TRUE,323.653656426837
"SCH9","nmSC","C3low_Myeloid","MIF","MIF_CD74_CXCR4",TRUE,TRUE,125.065072767297
"SCH13","nmSC","C3low_Myeloid","MIF","MIF_CD74_CXCR4",TRUE,TRUE,167.442158097683
"SCH14","nmSC","C3low_Myeloid","MIF","MIF_CD74_CXCR4",TRUE,TRUE,253.300882474735
"SCH1","myeSC","C3high_Myeloid","MIF","MIF_CD74_CD44",TRUE,TRUE,14.9813623930173
"SCH2","myeSC","C3high_Myeloid","MIF","MIF_CD74_CD44",FALSE,,
"SCH3","myeSC","C3high_Myeloid","MIF","MIF_CD74_CD44",FALSE,,
"SCH4","myeSC","C3high_Myeloid","MIF","MIF_CD74_CD44",TRUE,TRUE,108.214849787202
"SCH5","myeSC","C3high_Myeloid","MIF","MIF_CD74_CD44",FALSE,,
"SCH6","myeSC","C3high_Myeloid","MIF","MIF_CD74_CD44",TRUE,TRUE,96.2392768319419
"SCH7","myeSC","C3high_Myeloid","MIF","MIF_CD74_CD44",FALSE,,
"SCH8","myeSC","C3high_Myeloid","MIF","MIF_CD74_CD44",FALSE,,
"SCH9","myeSC","C3high_Myeloid","MIF","MIF_CD74_CD44",TRUE,TRUE,141.779448917693
"SCH13","myeSC","C3high_Myeloid","MIF","MIF_CD74_CD44",FALSE,,
"SCH14","myeSC","C3high_Myeloid","MIF","MIF_CD74_CD44",TRUE,TRUE,88.9777384802759
"SCH1","nmSC","C3high_Myeloid","MIF","MIF_CD74_CD44",TRUE,TRUE,23.9620285184592
"SCH2","nmSC","C3high_Myeloid","MIF","MIF_CD74_CD44",TRUE,TRUE,102.301117538768
"SCH3","nmSC","C3high_Myeloid","MIF","MIF_CD74_CD44",TRUE,TRUE,79.555569605242
"SCH4","nmSC","C3high_Myeloid","MIF","MIF_CD74_CD44",TRUE,TRUE,146.477910016607
"SCH5","nmSC","C3high_Myeloid","MIF","MIF_CD74_CD44",TRUE,TRUE,108.935458964867
"SCH6","nmSC","C3high_Myeloid","MIF","MIF_CD74_CD44",TRUE,TRUE,80.0486542046815
"SCH7","nmSC","C3high_Myeloid","MIF","MIF_CD74_CD44",TRUE,TRUE,84.3466518410192
"SCH8","nmSC","C3high_Myeloid","MIF","MIF_CD74_CD44",TRUE,TRUE,122.868805296336
"SCH9","nmSC","C3high_Myeloid","MIF","MIF_CD74_CD44",TRUE,TRUE,87.8269233275883
"SCH13","nmSC","C3high_Myeloid","MIF","MIF_CD74_CD44",TRUE,TRUE,54.6618793886994
"SCH14","nmSC","C3high_Myeloid","MIF","MIF_CD74_CD44",TRUE,TRUE,85.117980258098
"SCH1","myeSC","C3low_Myeloid","MIF","MIF_CD74_CD44",TRUE,TRUE,19.53431406084
"SCH2","myeSC","C3low_Myeloid","MIF","MIF_CD74_CD44",FALSE,,
"SCH3","myeSC","C3low_Myeloid","MIF","MIF_CD74_CD44",FALSE,,
"SCH4","myeSC","C3low_Myeloid","MIF","MIF_CD74_CD44",TRUE,TRUE,129.21751892143
"SCH5","myeSC","C3low_Myeloid","MIF","MIF_CD74_CD44",FALSE,,
"SCH6","myeSC","C3low_Myeloid","MIF","MIF_CD74_CD44",TRUE,TRUE,104.006353276558
"SCH7","myeSC","C3low_Myeloid","MIF","MIF_CD74_CD44",FALSE,,
"SCH8","myeSC","C3low_Myeloid","MIF","MIF_CD74_CD44",FALSE,,
"SCH9","myeSC","C3low_Myeloid","MIF","MIF_CD74_CD44",TRUE,TRUE,127.890358292793
"SCH13","myeSC","C3low_Myeloid","MIF","MIF_CD74_CD44",FALSE,,
"SCH14","myeSC","C3low_Myeloid","MIF","MIF_CD74_CD44",TRUE,TRUE,96.9036398516699
"SCH1","nmSC","C3low_Myeloid","MIF","MIF_CD74_CD44",TRUE,TRUE,31.2442739408371
"SCH2","nmSC","C3low_Myeloid","MIF","MIF_CD74_CD44",TRUE,TRUE,112.50906737203
"SCH3","nmSC","C3low_Myeloid","MIF","MIF_CD74_CD44",TRUE,TRUE,91.0559526582707
"SCH4","nmSC","C3low_Myeloid","MIF","MIF_CD74_CD44",TRUE,TRUE,174.906790947473
"SCH5","nmSC","C3low_Myeloid","MIF","MIF_CD74_CD44",TRUE,TRUE,117.173262982093
"SCH6","nmSC","C3low_Myeloid","MIF","MIF_CD74_CD44",TRUE,TRUE,86.5090520480918
"SCH7","nmSC","C3low_Myeloid","MIF","MIF_CD74_CD44",TRUE,TRUE,106.519117508155
"SCH8","nmSC","C3low_Myeloid","MIF","MIF_CD74_CD44",TRUE,TRUE,140.244611050651
"SCH9","nmSC","C3low_Myeloid","MIF","MIF_CD74_CD44",TRUE,TRUE,79.2231651192237
"SCH13","nmSC","C3low_Myeloid","MIF","MIF_CD74_CD44",TRUE,TRUE,57.4982464932113
"SCH14","nmSC","C3low_Myeloid","MIF","MIF_CD74_CD44",TRUE,TRUE,92.7000645859381
"SCH1","C3high_Myeloid","nmSC","MIF","MIF_ACKR3",TRUE,TRUE,1.60096143310944
"SCH2","C3high_Myeloid","nmSC","MIF","MIF_ACKR3",TRUE,TRUE,1.79617958047555
"SCH3","C3high_Myeloid","nmSC","MIF","MIF_ACKR3",TRUE,TRUE,1.87782583568565
"SCH4","C3high_Myeloid","nmSC","MIF","MIF_ACKR3",TRUE,TRUE,1.46402066328465
"SCH5","C3high_Myeloid","nmSC","MIF","MIF_ACKR3",TRUE,TRUE,2.50082582996343
"SCH6","C3high_Myeloid","nmSC","MIF","MIF_ACKR3",TRUE,TRUE,2.16858124912785
"SCH7","C3high_Myeloid","nmSC","MIF","MIF_ACKR3",TRUE,TRUE,4.1416322894984
"SCH8","C3high_Myeloid","nmSC","MIF","MIF_ACKR3",TRUE,TRUE,3.74376561028032
"SCH9","C3high_Myeloid","nmSC","MIF","MIF_ACKR3",TRUE,TRUE,0.933593155648294
"SCH13","C3high_Myeloid","nmSC","MIF","MIF_ACKR3",TRUE,TRUE,1.67415432903237
"SCH14","C3high_Myeloid","nmSC","MIF","MIF_ACKR3",TRUE,TRUE,0.923797733053742
"SCH1","C3low_Myeloid","nmSC","MIF","MIF_ACKR3",TRUE,TRUE,1.69000876056682
"SCH2","C3low_Myeloid","nmSC","MIF","MIF_ACKR3",TRUE,TRUE,2.29869859115557
"SCH3","C3low_Myeloid","nmSC","MIF","MIF_ACKR3",TRUE,TRUE,1.98055711833257
"SCH4","C3low_Myeloid","nmSC","MIF","MIF_ACKR3",TRUE,TRUE,1.6443176134278
"SCH5","C3low_Myeloid","nmSC","MIF","MIF_ACKR3",TRUE,TRUE,2.77475148784205
"SCH6","C3low_Myeloid","nmSC","MIF","MIF_ACKR3",TRUE,TRUE,2.21401599286744
"SCH7","C3low_Myeloid","nmSC","MIF","MIF_ACKR3",TRUE,TRUE,4.62873473594522
"SCH8","C3low_Myeloid","nmSC","MIF","MIF_ACKR3",TRUE,TRUE,4.52331506380496
"SCH9","C3low_Myeloid","nmSC","MIF","MIF_ACKR3",TRUE,TRUE,0.974030737595386
"SCH13","C3low_Myeloid","nmSC","MIF","MIF_ACKR3",TRUE,TRUE,1.91557756021448
"SCH14","C3low_Myeloid","nmSC","MIF","MIF_ACKR3",TRUE,TRUE,0.976341013566607
"SCH1","nmSC","C3low_Myeloid","SPP1","SPP1_CD44",TRUE,TRUE,16.1836330701504
"SCH2","nmSC","C3low_Myeloid","SPP1","SPP1_CD44",TRUE,TRUE,17.0348536235671
"SCH3","nmSC","C3low_Myeloid","SPP1","SPP1_CD44",TRUE,TRUE,8.73997810055231
"SCH4","nmSC","C3low_Myeloid","SPP1","SPP1_CD44",TRUE,TRUE,28.2148973771099
"SCH5","nmSC","C3low_Myeloid","SPP1","SPP1_CD44",TRUE,TRUE,24.7848945102488
"SCH6","nmSC","C3low_Myeloid","SPP1","SPP1_CD44",TRUE,TRUE,9.30853974825673
"SCH7","nmSC","C3low_Myeloid","SPP1","SPP1_CD44",TRUE,TRUE,39.3222730348586
"SCH8","nmSC","C3low_Myeloid","SPP1","SPP1_CD44",TRUE,TRUE,35.4416988345891
"SCH9","nmSC","C3low_Myeloid","SPP1","SPP1_CD44",TRUE,TRUE,2.74381791271008
"SCH13","nmSC","C3low_Myeloid","SPP1","SPP1_CD44",TRUE,TRUE,10.5760828136983
"SCH14","nmSC","C3low_Myeloid","SPP1","SPP1_CD44",TRUE,TRUE,7.45666752209027
"SCH1","C3high_Myeloid","nmSC","SPP1","SPP1_CD44",TRUE,TRUE,37.6888368334825
"SCH2","C3high_Myeloid","nmSC","SPP1","SPP1_CD44",TRUE,TRUE,23.0432016789345
"SCH3","C3high_Myeloid","nmSC","SPP1","SPP1_CD44",TRUE,TRUE,117.556333119614
"SCH4","C3high_Myeloid","nmSC","SPP1","SPP1_CD44",TRUE,TRUE,81.815253107343
"SCH5","C3high_Myeloid","nmSC","SPP1","SPP1_CD44",TRUE,TRUE,55.970462849654
"SCH6","C3high_Myeloid","nmSC","SPP1","SPP1_CD44",TRUE,TRUE,77.9101258034974
"SCH7","C3high_Myeloid","nmSC","SPP1","SPP1_CD44",TRUE,TRUE,301.128183933534
"SCH8","C3high_Myeloid","nmSC","SPP1","SPP1_CD44",TRUE,TRUE,70.9907187313627
"SCH9","C3high_Myeloid","nmSC","SPP1","SPP1_CD44",TRUE,TRUE,3.31146377309749
"SCH13","C3high_Myeloid","nmSC","SPP1","SPP1_CD44",TRUE,TRUE,25.4014431619759
"SCH14","C3high_Myeloid","nmSC","SPP1","SPP1_CD44",TRUE,TRUE,26.0910127515323
"SCH1","nmSC","C3high_Myeloid","SPP1","SPP1_ITGAV_ITGB1",TRUE,TRUE,8.80084279213685
"SCH2","nmSC","C3high_Myeloid","SPP1","SPP1_ITGAV_ITGB1",TRUE,TRUE,10.2803331749443
"SCH3","nmSC","C3high_Myeloid","SPP1","SPP1_ITGAV_ITGB1",TRUE,TRUE,4.97103096906512
"SCH4","nmSC","C3high_Myeloid","SPP1","SPP1_ITGAV_ITGB1",TRUE,TRUE,18.6573348033448
"SCH5","nmSC","C3high_Myeloid","SPP1","SPP1_ITGAV_ITGB1",TRUE,TRUE,21.95118735481
"SCH6","nmSC","C3high_Myeloid","SPP1","SPP1_ITGAV_ITGB1",TRUE,TRUE,13.1165364715423
"SCH7","nmSC","C3high_Myeloid","SPP1","SPP1_ITGAV_ITGB1",TRUE,TRUE,30.84876149429
"SCH8","nmSC","C3high_Myeloid","SPP1","SPP1_ITGAV_ITGB1",TRUE,TRUE,19.1185108571167
"SCH9","nmSC","C3high_Myeloid","SPP1","SPP1_ITGAV_ITGB1",TRUE,TRUE,1.86641396216543
"SCH13","nmSC","C3high_Myeloid","SPP1","SPP1_ITGAV_ITGB1",TRUE,TRUE,9.08340775441978
"SCH14","nmSC","C3high_Myeloid","SPP1","SPP1_ITGAV_ITGB1",TRUE,TRUE,7.70230804025063
"SCH1","C3high_Myeloid","myeSC","SPP1","SPP1_ITGAV_ITGB1",TRUE,TRUE,84.168357225831
"SCH2","C3high_Myeloid","myeSC","SPP1","SPP1_ITGAV_ITGB1",FALSE,,
"SCH3","C3high_Myeloid","myeSC","SPP1","SPP1_ITGAV_ITGB1",FALSE,,
"SCH4","C3high_Myeloid","myeSC","SPP1","SPP1_ITGAV_ITGB1",TRUE,TRUE,79.8045949990635
"SCH5","C3high_Myeloid","myeSC","SPP1","SPP1_ITGAV_ITGB1",FALSE,,
"SCH6","C3high_Myeloid","myeSC","SPP1","SPP1_ITGAV_ITGB1",TRUE,TRUE,74.0363045350393
"SCH7","C3high_Myeloid","myeSC","SPP1","SPP1_ITGAV_ITGB1",FALSE,,
"SCH8","C3high_Myeloid","myeSC","SPP1","SPP1_ITGAV_ITGB1",FALSE,,
"SCH9","C3high_Myeloid","myeSC","SPP1","SPP1_ITGAV_ITGB1",TRUE,TRUE,4.98532726772148
"SCH13","C3high_Myeloid","myeSC","SPP1","SPP1_ITGAV_ITGB1",FALSE,,
"SCH14","C3high_Myeloid","myeSC","SPP1","SPP1_ITGAV_ITGB1",TRUE,TRUE,24.3026666641596
"SCH1","C3high_Myeloid","nmSC","SPP1","SPP1_ITGAV_ITGB1",TRUE,TRUE,59.0149611500336
"SCH2","C3high_Myeloid","nmSC","SPP1","SPP1_ITGAV_ITGB1",TRUE,TRUE,36.7960182928261
"SCH3","C3high_Myeloid","nmSC","SPP1","SPP1_ITGAV_ITGB1",TRUE,TRUE,111.246397753474
"SCH4","C3high_Myeloid","nmSC","SPP1","SPP1_ITGAV_ITGB1",TRUE,TRUE,113.740709661176
"SCH5","C3high_Myeloid","nmSC","SPP1","SPP1_ITGAV_ITGB1",TRUE,TRUE,129.375635653184
"SCH6","C3high_Myeloid","nmSC","SPP1","SPP1_ITGAV_ITGB1",TRUE,TRUE,108.219981176124
"SCH7","C3high_Myeloid","nmSC","SPP1","SPP1_ITGAV_ITGB1",TRUE,TRUE,351.765572458534
"SCH8","C3high_Myeloid","nmSC","SPP1","SPP1_ITGAV_ITGB1",TRUE,TRUE,92.1866106485523
"SCH9","C3high_Myeloid","nmSC","SPP1","SPP1_ITGAV_ITGB1",TRUE,TRUE,6.50465215737193
"SCH13","C3high_Myeloid","nmSC","SPP1","SPP1_ITGAV_ITGB1",TRUE,TRUE,43.7073970380889
"SCH14","C3high_Myeloid","nmSC","SPP1","SPP1_ITGAV_ITGB1",TRUE,TRUE,40.9345713247801
"SCH1","nmSC","C3high_Myeloid","SPP1","SPP1_ITGAV_ITGB5",TRUE,TRUE,2.52099636331443
"SCH2","nmSC","C3high_Myeloid","SPP1","SPP1_ITGAV_ITGB5",TRUE,TRUE,2.65356985857161
"SCH3","nmSC","C3high_Myeloid","SPP1","SPP1_ITGAV_ITGB5",TRUE,TRUE,1.52416546695331
"SCH4","nmSC","C3high_Myeloid","SPP1","SPP1_ITGAV_ITGB5",TRUE,FALSE,5.97831149479831
"SCH5","nmSC","C3high_Myeloid","SPP1","SPP1_ITGAV_ITGB5",TRUE,TRUE,5.38935219254385
"SCH6","nmSC","C3high_Myeloid","SPP1","SPP1_ITGAV_ITGB5",TRUE,TRUE,4.16027230682344
"SCH7","nmSC","C3high_Myeloid","SPP1","SPP1_ITGAV_ITGB5",TRUE,TRUE,7.30665818537184
"SCH8","nmSC","C3high_Myeloid","SPP1","SPP1_ITGAV_ITGB5",TRUE,TRUE,5.6187633345566
"SCH9","nmSC","C3high_Myeloid","SPP1","SPP1_ITGAV_ITGB5",TRUE,FALSE,0.505901501255528
"SCH13","nmSC","C3high_Myeloid","SPP1","SPP1_ITGAV_ITGB5",TRUE,TRUE,2.31005404873844
"SCH14","nmSC","C3high_Myeloid","SPP1","SPP1_ITGAV_ITGB5",TRUE,TRUE,2.49320353218704
"SCH1","C3high_Myeloid","myeSC","SPP1","SPP1_ITGAV_ITGB5",TRUE,FALSE,0.0030792964218506
"SCH2","C3high_Myeloid","myeSC","SPP1","SPP1_ITGAV_ITGB5",FALSE,,
"SCH3","C3high_Myeloid","myeSC","SPP1","SPP1_ITGAV_ITGB5",FALSE,,
"SCH4","C3high_Myeloid","myeSC","SPP1","SPP1_ITGAV_ITGB5",TRUE,TRUE,46.9806631552712
"SCH5","C3high_Myeloid","myeSC","SPP1","SPP1_ITGAV_ITGB5",FALSE,,
"SCH6","C3high_Myeloid","myeSC","SPP1","SPP1_ITGAV_ITGB5",TRUE,FALSE,0.00255191078099907
"SCH7","C3high_Myeloid","myeSC","SPP1","SPP1_ITGAV_ITGB5",FALSE,,
"SCH8","C3high_Myeloid","myeSC","SPP1","SPP1_ITGAV_ITGB5",FALSE,,
"SCH9","C3high_Myeloid","myeSC","SPP1","SPP1_ITGAV_ITGB5",TRUE,TRUE,1.97231581604006
"SCH13","C3high_Myeloid","myeSC","SPP1","SPP1_ITGAV_ITGB5",FALSE,,
"SCH14","C3high_Myeloid","myeSC","SPP1","SPP1_ITGAV_ITGB5",TRUE,TRUE,11.2453531193377
"SCH1","C3low_Myeloid","myeSC","SPP1","SPP1_ITGAV_ITGB5",TRUE,FALSE,0.00184438363145262
"SCH2","C3low_Myeloid","myeSC","SPP1","SPP1_ITGAV_ITGB5",FALSE,,
"SCH3","C3low_Myeloid","myeSC","SPP1","SPP1_ITGAV_ITGB5",FALSE,,
"SCH4","C3low_Myeloid","myeSC","SPP1","SPP1_ITGAV_ITGB5",TRUE,TRUE,17.9459597122623
"SCH5","C3low_Myeloid","myeSC","SPP1","SPP1_ITGAV_ITGB5",FALSE,,
"SCH6","C3low_Myeloid","myeSC","SPP1","SPP1_ITGAV_ITGB5",TRUE,FALSE,0.00171346142924655
"SCH7","C3low_Myeloid","myeSC","SPP1","SPP1_ITGAV_ITGB5",FALSE,,
"SCH8","C3low_Myeloid","myeSC","SPP1","SPP1_ITGAV_ITGB5",FALSE,,
"SCH9","C3low_Myeloid","myeSC","SPP1","SPP1_ITGAV_ITGB5",TRUE,TRUE,1.88180407019207
"SCH13","C3low_Myeloid","myeSC","SPP1","SPP1_ITGAV_ITGB5",FALSE,,
"SCH14","C3low_Myeloid","myeSC","SPP1","SPP1_ITGAV_ITGB5",TRUE,TRUE,10.451680263505
"SCH1","nmSC","C3low_Myeloid","SPP1","SPP1_ITGA4_ITGB1",TRUE,TRUE,4.75872351584452
"SCH2","nmSC","C3low_Myeloid","SPP1","SPP1_ITGA4_ITGB1",TRUE,TRUE,7.50031280285289
"SCH3","nmSC","C3low_Myeloid","SPP1","SPP1_ITGA4_ITGB1",TRUE,TRUE,3.7926978308766
"SCH4","nmSC","C3low_Myeloid","SPP1","SPP1_ITGA4_ITGB1",TRUE,TRUE,15.9779628650112
"SCH5","nmSC","C3low_Myeloid","SPP1","SPP1_ITGA4_ITGB1",TRUE,TRUE,20.6795939639766
"SCH6","nmSC","C3low_Myeloid","SPP1","SPP1_ITGA4_ITGB1",TRUE,TRUE,10.1687631611397
"SCH7","nmSC","C3low_Myeloid","SPP1","SPP1_ITGA4_ITGB1",TRUE,TRUE,19.1693868299426
"SCH8","nmSC","C3low_Myeloid","SPP1","SPP1_ITGA4_ITGB1",TRUE,TRUE,19.3889176499255
"SCH9","nmSC","C3low_Myeloid","SPP1","SPP1_ITGA4_ITGB1",TRUE,TRUE,1.84711504591136
"SCH13","nmSC","C3low_Myeloid","SPP1","SPP1_ITGA4_ITGB1",TRUE,TRUE,7.83529753763669
"SCH14","nmSC","C3low_Myeloid","SPP1","SPP1_ITGA4_ITGB1",TRUE,TRUE,6.65226840774412
"SCH1","nmSC","C3high_Myeloid","SPP1","SPP1_ITGA5_ITGB1",TRUE,TRUE,6.62058624665235
"SCH2","nmSC","C3high_Myeloid","SPP1","SPP1_ITGA5_ITGB1",TRUE,TRUE,7.2376148861205
"SCH3","nmSC","C3high_Myeloid","SPP1","SPP1_ITGA5_ITGB1",TRUE,TRUE,3.10221130334002
"SCH4","nmSC","C3high_Myeloid","SPP1","SPP1_ITGA5_ITGB1",TRUE,TRUE,12.5380014936294
"SCH5","nmSC","C3high_Myeloid","SPP1","SPP1_ITGA5_ITGB1",TRUE,TRUE,11.4629144001578
"SCH6","nmSC","C3high_Myeloid","SPP1","SPP1_ITGA5_ITGB1",TRUE,TRUE,7.40072897245319
"SCH7","nmSC","C3high_Myeloid","SPP1","SPP1_ITGA5_ITGB1",TRUE,TRUE,17.69357067648
"SCH8","nmSC","C3high_Myeloid","SPP1","SPP1_ITGA5_ITGB1",TRUE,TRUE,12.8112256901476
"SCH9","nmSC","C3high_Myeloid","SPP1","SPP1_ITGA5_ITGB1",TRUE,TRUE,1.66404564238755
"SCH13","nmSC","C3high_Myeloid","SPP1","SPP1_ITGA5_ITGB1",TRUE,TRUE,4.3595911518613
"SCH14","nmSC","C3high_Myeloid","SPP1","SPP1_ITGA5_ITGB1",TRUE,TRUE,5.16270369038786
"SCH1","nmSC","C3low_Myeloid","SPP1","SPP1_ITGA5_ITGB1",TRUE,TRUE,7.26047002125202
"SCH2","nmSC","C3low_Myeloid","SPP1","SPP1_ITGA5_ITGB1",TRUE,TRUE,8.51669061330106
"SCH3","nmSC","C3low_Myeloid","SPP1","SPP1_ITGA5_ITGB1",TRUE,TRUE,3.35521623538824
"SCH4","nmSC","C3low_Myeloid","SPP1","SPP1_ITGA5_ITGB1",TRUE,TRUE,13.5793512133405
"SCH5","nmSC","C3low_Myeloid","SPP1","SPP1_ITGA5_ITGB1",TRUE,TRUE,12.2361139113194
"SCH6","nmSC","C3low_Myeloid","SPP1","SPP1_ITGA5_ITGB1",TRUE,TRUE,8.32302825297274
"SCH7","nmSC","C3low_Myeloid","SPP1","SPP1_ITGA5_ITGB1",TRUE,TRUE,20.9275845388334
"SCH8","nmSC","C3low_Myeloid","SPP1","SPP1_ITGA5_ITGB1",TRUE,TRUE,14.0954975931325
"SCH9","nmSC","C3low_Myeloid","SPP1","SPP1_ITGA5_ITGB1",TRUE,TRUE,1.74798469583201
"SCH13","nmSC","C3low_Myeloid","SPP1","SPP1_ITGA5_ITGB1",TRUE,TRUE,4.72408376150976
"SCH14","nmSC","C3low_Myeloid","SPP1","SPP1_ITGA5_ITGB1",TRUE,TRUE,5.51785836582015
"SCH1","myeSC","C3high_Myeloid","APP","APP_CD74",TRUE,TRUE,637.19688669606
"SCH2","myeSC","C3high_Myeloid","APP","APP_CD74",FALSE,,
"SCH3","myeSC","C3high_Myeloid","APP","APP_CD74",FALSE,,
"SCH4","myeSC","C3high_Myeloid","APP","APP_CD74",TRUE,TRUE,350.968013029005
"SCH5","myeSC","C3high_Myeloid","APP","APP_CD74",FALSE,,
"SCH6","myeSC","C3high_Myeloid","APP","APP_CD74",TRUE,TRUE,485.758458218891
"SCH7","myeSC","C3high_Myeloid","APP","APP_CD74",FALSE,,
"SCH8","myeSC","C3high_Myeloid","APP","APP_CD74",FALSE,,
"SCH9","myeSC","C3high_Myeloid","APP","APP_CD74",TRUE,TRUE,483.491975026422
"SCH13","myeSC","C3high_Myeloid","APP","APP_CD74",FALSE,,
"SCH14","myeSC","C3high_Myeloid","APP","APP_CD74",TRUE,TRUE,778.538650369701
"SCH1","nmSC","C3high_Myeloid","APP","APP_CD74",TRUE,TRUE,621.08959706907
"SCH2","nmSC","C3high_Myeloid","APP","APP_CD74",TRUE,TRUE,365.583996668948
"SCH3","nmSC","C3high_Myeloid","APP","APP_CD74",TRUE,TRUE,599.752224122005
"SCH4","nmSC","C3high_Myeloid","APP","APP_CD74",TRUE,TRUE,459.020710381612
"SCH5","nmSC","C3high_Myeloid","APP","APP_CD74",TRUE,TRUE,505.876593948794
"SCH6","nmSC","C3high_Myeloid","APP","APP_CD74",TRUE,TRUE,815.492113663562
"SCH7","nmSC","C3high_Myeloid","APP","APP_CD74",TRUE,TRUE,448.526952158982
"SCH8","nmSC","C3high_Myeloid","APP","APP_CD74",TRUE,TRUE,1060.17793222824
"SCH9","nmSC","C3high_Myeloid","APP","APP_CD74",TRUE,TRUE,447.937563772331
"SCH13","nmSC","C3high_Myeloid","APP","APP_CD74",TRUE,TRUE,579.674282058847
"SCH14","nmSC","C3high_Myeloid","APP","APP_CD74",TRUE,TRUE,430.910753071321
"SCH1","myeSC","C3low_Myeloid","APP","APP_CD74",TRUE,TRUE,560.243006298517
"SCH2","myeSC","C3low_Myeloid","APP","APP_CD74",FALSE,,
"SCH3","myeSC","C3low_Myeloid","APP","APP_CD74",FALSE,,
"SCH4","myeSC","C3low_Myeloid","APP","APP_CD74",TRUE,TRUE,320.190561874144
"SCH5","myeSC","C3low_Myeloid","APP","APP_CD74",FALSE,,
"SCH6","myeSC","C3low_Myeloid","APP","APP_CD74",TRUE,TRUE,435.371689411095
"SCH7","myeSC","C3low_Myeloid","APP","APP_CD74",FALSE,,
"SCH8","myeSC","C3low_Myeloid","APP","APP_CD74",FALSE,,
"SCH9","myeSC","C3low_Myeloid","APP","APP_CD74",TRUE,TRUE,402.333655329922
"SCH13","myeSC","C3low_Myeloid","APP","APP_CD74",FALSE,,
"SCH14","myeSC","C3low_Myeloid","APP","APP_CD74",TRUE,TRUE,664.076870561325
"SCH1","nmSC","C3low_Myeloid","APP","APP_CD74",TRUE,TRUE,546.080984241667
"SCH2","nmSC","C3low_Myeloid","APP","APP_CD74",TRUE,TRUE,324.979357475227
"SCH3","nmSC","C3low_Myeloid","APP","APP_CD74",TRUE,TRUE,546.425562511855
"SCH4","nmSC","C3low_Myeloid","APP","APP_CD74",TRUE,TRUE,418.767789977518
"SCH5","nmSC","C3low_Myeloid","APP","APP_CD74",TRUE,TRUE,455.505430838637
"SCH6","nmSC","C3low_Myeloid","APP","APP_CD74",TRUE,TRUE,730.902721753826
"SCH7","nmSC","C3low_Myeloid","APP","APP_CD74",TRUE,TRUE,404.266746858036
"SCH8","nmSC","C3low_Myeloid","APP","APP_CD74",TRUE,TRUE,913.671763795079
"SCH9","nmSC","C3low_Myeloid","APP","APP_CD74",TRUE,TRUE,372.747360247816
"SCH13","nmSC","C3low_Myeloid","APP","APP_CD74",TRUE,TRUE,546.608784734837
"SCH14","nmSC","C3low_Myeloid","APP","APP_CD74",TRUE,TRUE,367.557685485416
"SCH1","myeSC","C3high_Myeloid","APP","APP_SORL1",TRUE,TRUE,23.5594261582843
"SCH2","myeSC","C3high_Myeloid","APP","APP_SORL1",FALSE,,
"SCH3","myeSC","C3high_Myeloid","APP","APP_SORL1",FALSE,,
"SCH4","myeSC","C3high_Myeloid","APP","APP_SORL1",TRUE,TRUE,10.1739436361039
"SCH5","myeSC","C3high_Myeloid","APP","APP_SORL1",FALSE,,
"SCH6","myeSC","C3high_Myeloid","APP","APP_SORL1",TRUE,TRUE,19.9151141930036
"SCH7","myeSC","C3high_Myeloid","APP","APP_SORL1",FALSE,,
"SCH8","myeSC","C3high_Myeloid","APP","APP_SORL1",FALSE,,
"SCH9","myeSC","C3high_Myeloid","APP","APP_SORL1",TRUE,TRUE,15.9509247660895
"SCH13","myeSC","C3high_Myeloid","APP","APP_SORL1",FALSE,,
"SCH14","myeSC","C3high_Myeloid","APP","APP_SORL1",TRUE,TRUE,26.8697433610656
"SCH1","nmSC","C3high_Myeloid","APP","APP_SORL1",TRUE,TRUE,22.9638826010256
"SCH2","nmSC","C3high_Myeloid","APP","APP_SORL1",TRUE,TRUE,10.8747734484087
"SCH3","nmSC","C3high_Myeloid","APP","APP_SORL1",TRUE,TRUE,28.624990720177
"SCH4","nmSC","C3high_Myeloid","APP","APP_SORL1",TRUE,TRUE,13.3062007415501
"SCH5","nmSC","C3high_Myeloid","APP","APP_SORL1",TRUE,TRUE,12.1463196060109
"SCH6","nmSC","C3high_Myeloid","APP","APP_SORL1",TRUE,TRUE,33.4335270798011
"SCH7","nmSC","C3high_Myeloid","APP","APP_SORL1",TRUE,TRUE,11.6364235236176
"SCH8","nmSC","C3high_Myeloid","APP","APP_SORL1",TRUE,TRUE,16.1298415339615
"SCH9","nmSC","C3high_Myeloid","APP","APP_SORL1",TRUE,TRUE,14.7779461680773
"SCH13","nmSC","C3high_Myeloid","APP","APP_SORL1",TRUE,TRUE,11.6826895918376
"SCH14","nmSC","C3high_Myeloid","APP","APP_SORL1",TRUE,TRUE,14.872044362925
"SCH1","myeSC","C3low_Myeloid","APP","APP_SORL1",TRUE,TRUE,23.6696221473827
"SCH2","myeSC","C3low_Myeloid","APP","APP_SORL1",FALSE,,
"SCH3","myeSC","C3low_Myeloid","APP","APP_SORL1",FALSE,,
"SCH4","myeSC","C3low_Myeloid","APP","APP_SORL1",TRUE,TRUE,8.10684398591654
"SCH5","myeSC","C3low_Myeloid","APP","APP_SORL1",FALSE,,
"SCH6","myeSC","C3low_Myeloid","APP","APP_SORL1",TRUE,TRUE,18.7449235424491
"SCH7","myeSC","C3low_Myeloid","APP","APP_SORL1",FALSE,,
"SCH8","myeSC","C3low_Myeloid","APP","APP_SORL1",FALSE,,
"SCH9","myeSC","C3low_Myeloid","APP","APP_SORL1",TRUE,TRUE,13.9118961268125
"SCH13","myeSC","C3low_Myeloid","APP","APP_SORL1",FALSE,,
"SCH14","myeSC","C3low_Myeloid","APP","APP_SORL1",TRUE,TRUE,24.5720919625093
"SCH1","nmSC","C3low_Myeloid","APP","APP_SORL1",TRUE,TRUE,23.0712930167019
"SCH2","nmSC","C3low_Myeloid","APP","APP_SORL1",TRUE,TRUE,8.47045915562116
"SCH3","nmSC","C3low_Myeloid","APP","APP_SORL1",TRUE,TRUE,30.0894287031894
"SCH4","nmSC","C3low_Myeloid","APP","APP_SORL1",TRUE,TRUE,10.6027020902921
"SCH5","nmSC","C3low_Myeloid","APP","APP_SORL1",TRUE,TRUE,11.1098804294891
"SCH6","nmSC","C3low_Myeloid","APP","APP_SORL1",TRUE,TRUE,31.4690090547129
"SCH7","nmSC","C3low_Myeloid","APP","APP_SORL1",TRUE,TRUE,10.656519910024
"SCH8","nmSC","C3low_Myeloid","APP","APP_SORL1",TRUE,TRUE,11.9992450780825
"SCH9","nmSC","C3low_Myeloid","APP","APP_SORL1",TRUE,TRUE,12.8888609953817
"SCH13","nmSC","C3low_Myeloid","APP","APP_SORL1",TRUE,TRUE,9.96142090736467
"SCH14","nmSC","C3low_Myeloid","APP","APP_SORL1",TRUE,TRUE,13.6003249768969
"SCH1","myeSC","C3high_Myeloid","APP","APP_TNFRSF21",TRUE,TRUE,1.85364906757425
"SCH2","myeSC","C3high_Myeloid","APP","APP_TNFRSF21",FALSE,,
"SCH3","myeSC","C3high_Myeloid","APP","APP_TNFRSF21",FALSE,,
"SCH4","myeSC","C3high_Myeloid","APP","APP_TNFRSF21",TRUE,TRUE,0.931862564534012
"SCH5","myeSC","C3high_Myeloid","APP","APP_TNFRSF21",FALSE,,
"SCH6","myeSC","C3high_Myeloid","APP","APP_TNFRSF21",TRUE,FALSE,0.812236084383873
"SCH7","myeSC","C3high_Myeloid","APP","APP_TNFRSF21",FALSE,,
"SCH8","myeSC","C3high_Myeloid","APP","APP_TNFRSF21",FALSE,,
"SCH9","myeSC","C3high_Myeloid","APP","APP_TNFRSF21",TRUE,FALSE,0.803889905843972
"SCH13","myeSC","C3high_Myeloid","APP","APP_TNFRSF21",FALSE,,
"SCH14","myeSC","C3high_Myeloid","APP","APP_TNFRSF21",TRUE,TRUE,1.2572554680053
"SCH1","nmSC","C3high_Myeloid","APP","APP_TNFRSF21",TRUE,TRUE,1.80679186688541
"SCH2","nmSC","C3high_Myeloid","APP","APP_TNFRSF21",TRUE,TRUE,1.19699636983868
"SCH3","nmSC","C3high_Myeloid","APP","APP_TNFRSF21",TRUE,FALSE,0.377332785035267
"SCH4","nmSC","C3high_Myeloid","APP","APP_TNFRSF21",TRUE,TRUE,1.21875555740484
"SCH5","nmSC","C3high_Myeloid","APP","APP_TNFRSF21",TRUE,FALSE,0.783139915493819
"SCH6","nmSC","C3high_Myeloid","APP","APP_TNFRSF21",TRUE,FALSE,1.36358329956149
"SCH7","nmSC","C3high_Myeloid","APP","APP_TNFRSF21",TRUE,TRUE,1.09085759587626
"SCH8","nmSC","C3high_Myeloid","APP","APP_TNFRSF21",TRUE,TRUE,1.80541194798795
"SCH9","nmSC","C3high_Myeloid","APP","APP_TNFRSF21",TRUE,FALSE,0.744774483475633
"SCH13","nmSC","C3high_Myeloid","APP","APP_TNFRSF21",TRUE,TRUE,1.08498725421457
"SCH14","nmSC","C3high_Myeloid","APP","APP_TNFRSF21",TRUE,TRUE,0.695874122966064
"SCH1","myeSC","C3low_Myeloid","APP","APP_TNFRSF21",TRUE,TRUE,1.6937303588102
"SCH2","myeSC","C3low_Myeloid","APP","APP_TNFRSF21",FALSE,,
"SCH3","myeSC","C3low_Myeloid","APP","APP_TNFRSF21",FALSE,,
"SCH4","myeSC","C3low_Myeloid","APP","APP_TNFRSF21",TRUE,FALSE,0.707699481227864
"SCH5","myeSC","C3low_Myeloid","APP","APP_TNFRSF21",FALSE,,
"SCH6","myeSC","C3low_Myeloid","APP","APP_TNFRSF21",TRUE,FALSE,0.633587826189868
"SCH7","myeSC","C3low_Myeloid","APP","APP_TNFRSF21",FALSE,,
"SCH8","myeSC","C3low_Myeloid","APP","APP_TNFRSF21",FALSE,,
"SCH9","myeSC","C3low_Myeloid","APP","APP_TNFRSF21",TRUE,FALSE,0.750139599807725
"SCH13","myeSC","C3low_Myeloid","APP","APP_TNFRSF21",FALSE,,
"SCH14","myeSC","C3low_Myeloid","APP","APP_TNFRSF21",TRUE,TRUE,1.09742127161071
"SCH1","nmSC","C3low_Myeloid","APP","APP_TNFRSF21",TRUE,TRUE,1.65091564014319
"SCH2","nmSC","C3low_Myeloid","APP","APP_TNFRSF21",TRUE,TRUE,1.2436940021172
"SCH3","nmSC","C3low_Myeloid","APP","APP_TNFRSF21",TRUE,FALSE,0.267848913262294
"SCH4","nmSC","C3low_Myeloid","APP","APP_TNFRSF21",TRUE,FALSE,0.925579273752978
"SCH5","nmSC","C3low_Myeloid","APP","APP_TNFRSF21",TRUE,FALSE,0.950314273858659
"SCH6","nmSC","C3low_Myeloid","APP","APP_TNFRSF21",TRUE,FALSE,1.06366830433707
"SCH7","nmSC","C3low_Myeloid","APP","APP_TNFRSF21",TRUE,TRUE,1.04511235310196
"SCH8","nmSC","C3low_Myeloid","APP","APP_TNFRSF21",TRUE,TRUE,1.5996309136556
"SCH9","nmSC","C3low_Myeloid","APP","APP_TNFRSF21",TRUE,FALSE,0.69497679834016
"SCH13","nmSC","C3low_Myeloid","APP","APP_TNFRSF21",TRUE,TRUE,0.905373672217261
"SCH14","nmSC","C3low_Myeloid","APP","APP_TNFRSF21",TRUE,TRUE,0.607408028312657
"SCH1","C3high_Myeloid","myeSC","APP","APP_TNFRSF21",TRUE,TRUE,0.0658229624497127
"SCH2","C3high_Myeloid","myeSC","APP","APP_TNFRSF21",FALSE,,
"SCH3","C3high_Myeloid","myeSC","APP","APP_TNFRSF21",FALSE,,
"SCH4","C3high_Myeloid","myeSC","APP","APP_TNFRSF21",TRUE,TRUE,0.338222665941007
"SCH5","C3high_Myeloid","myeSC","APP","APP_TNFRSF21",FALSE,,
"SCH6","C3high_Myeloid","myeSC","APP","APP_TNFRSF21",TRUE,TRUE,0.0290274944298953
"SCH7","C3high_Myeloid","myeSC","APP","APP_TNFRSF21",FALSE,,
"SCH8","C3high_Myeloid","myeSC","APP","APP_TNFRSF21",FALSE,,
"SCH9","C3high_Myeloid","myeSC","APP","APP_TNFRSF21",TRUE,TRUE,0.392372871965043
"SCH13","C3high_Myeloid","myeSC","APP","APP_TNFRSF21",FALSE,,
"SCH14","C3high_Myeloid","myeSC","APP","APP_TNFRSF21",TRUE,TRUE,0.261015272690252
"SCH1","C3low_Myeloid","myeSC","APP","APP_TNFRSF21",TRUE,TRUE,0.0795226658597569
"SCH2","C3low_Myeloid","myeSC","APP","APP_TNFRSF21",FALSE,,
"SCH3","C3low_Myeloid","myeSC","APP","APP_TNFRSF21",FALSE,,
"SCH4","C3low_Myeloid","myeSC","APP","APP_TNFRSF21",TRUE,TRUE,0.4165670562067
"SCH5","C3low_Myeloid","myeSC","APP","APP_TNFRSF21",FALSE,,
"SCH6","C3low_Myeloid","myeSC","APP","APP_TNFRSF21",TRUE,TRUE,0.0333516499078358
"SCH7","C3low_Myeloid","myeSC","APP","APP_TNFRSF21",FALSE,,
"SCH8","C3low_Myeloid","myeSC","APP","APP_TNFRSF21",FALSE,,
"SCH9","C3low_Myeloid","myeSC","APP","APP_TNFRSF21",TRUE,TRUE,0.51928626155957
"SCH13","C3low_Myeloid","myeSC","APP","APP_TNFRSF21",FALSE,,
"SCH14","C3low_Myeloid","myeSC","APP","APP_TNFRSF21",TRUE,TRUE,0.380073137747979
"SCH1","myeSC","C3high_Myeloid","APP","APP_TREM2_TYROBP",TRUE,TRUE,45.5839511655464
"SCH2","myeSC","C3high_Myeloid","APP","APP_TREM2_TYROBP",FALSE,,
"SCH3","myeSC","C3high_Myeloid","APP","APP_TREM2_TYROBP",FALSE,,
"SCH4","myeSC","C3high_Myeloid","APP","APP_TREM2_TYROBP",TRUE,TRUE,51.0633275691769
"SCH5","myeSC","C3high_Myeloid","APP","APP_TREM2_TYROBP",FALSE,,
"SCH6","myeSC","C3high_Myeloid","APP","APP_TREM2_TYROBP",TRUE,TRUE,44.6090461835624
"SCH7","myeSC","C3high_Myeloid","APP","APP_TREM2_TYROBP",FALSE,,
"SCH8","myeSC","C3high_Myeloid","APP","APP_TREM2_TYROBP",FALSE,,
"SCH9","myeSC","C3high_Myeloid","APP","APP_TREM2_TYROBP",TRUE,TRUE,40.1293924261838
"SCH13","myeSC","C3high_Myeloid","APP","APP_TREM2_TYROBP",FALSE,,
"SCH14","myeSC","C3high_Myeloid","APP","APP_TREM2_TYROBP",TRUE,TRUE,75.1854766170486
"SCH1","nmSC","C3high_Myeloid","APP","APP_TREM2_TYROBP",TRUE,TRUE,44.4316638284674
"SCH2","nmSC","C3high_Myeloid","APP","APP_TREM2_TYROBP",TRUE,TRUE,34.1065424788762
"SCH3","nmSC","C3high_Myeloid","APP","APP_TREM2_TYROBP",TRUE,TRUE,61.4429288524142
"SCH4","nmSC","C3high_Myeloid","APP","APP_TREM2_TYROBP",TRUE,TRUE,66.7842197155314
"SCH5","nmSC","C3high_Myeloid","APP","APP_TREM2_TYROBP",TRUE,TRUE,54.4496528071779
"SCH6","nmSC","C3high_Myeloid","APP","APP_TREM2_TYROBP",TRUE,TRUE,74.8897414862017
"SCH7","nmSC","C3high_Myeloid","APP","APP_TREM2_TYROBP",TRUE,TRUE,55.6050047567391
"SCH8","nmSC","C3high_Myeloid","APP","APP_TREM2_TYROBP",TRUE,TRUE,71.6247153454923
"SCH9","nmSC","C3high_Myeloid","APP","APP_TREM2_TYROBP",TRUE,TRUE,37.1784087586278
"SCH13","nmSC","C3high_Myeloid","APP","APP_TREM2_TYROBP",TRUE,TRUE,53.8211400592708
"SCH14","nmSC","C3high_Myeloid","APP","APP_TREM2_TYROBP",TRUE,TRUE,41.6141579274116
"SCH1","myeSC","C3low_Myeloid","APP","APP_TREM2_TYROBP",TRUE,TRUE,23.8775705759883
"SCH2","myeSC","C3low_Myeloid","APP","APP_TREM2_TYROBP",FALSE,,
"SCH3","myeSC","C3low_Myeloid","APP","APP_TREM2_TYROBP",FALSE,,
"SCH4","myeSC","C3low_Myeloid","APP","APP_TREM2_TYROBP",TRUE,TRUE,28.3343072275959
"SCH5","myeSC","C3low_Myeloid","APP","APP_TREM2_TYROBP",FALSE,,
"SCH6","myeSC","C3low_Myeloid","APP","APP_TREM2_TYROBP",TRUE,TRUE,29.4206071691141
"SCH7","myeSC","C3low_Myeloid","APP","APP_TREM2_TYROBP",FALSE,,
"SCH8","myeSC","C3low_Myeloid","APP","APP_TREM2_TYROBP",FALSE,,
"SCH9","myeSC","C3low_Myeloid","APP","APP_TREM2_TYROBP",TRUE,TRUE,26.7409867494224
"SCH13","myeSC","C3low_Myeloid","APP","APP_TREM2_TYROBP",FALSE,,
"SCH14","myeSC","C3low_Myeloid","APP","APP_TREM2_TYROBP",TRUE,TRUE,46.2648734751443
"SCH1","nmSC","C3low_Myeloid","APP","APP_TREM2_TYROBP",TRUE,TRUE,23.2739848509378
"SCH2","nmSC","C3low_Myeloid","APP","APP_TREM2_TYROBP",TRUE,TRUE,14.6117299040483
"SCH3","nmSC","C3low_Myeloid","APP","APP_TREM2_TYROBP",TRUE,TRUE,38.4632147170758
"SCH4","nmSC","C3low_Myeloid","APP","APP_TREM2_TYROBP",TRUE,TRUE,37.0576045364768
"SCH5","nmSC","C3low_Myeloid","APP","APP_TREM2_TYROBP",TRUE,TRUE,30.2005348874048
"SCH6","nmSC","C3low_Myeloid","APP","APP_TREM2_TYROBP",TRUE,TRUE,49.391364616846
"SCH7","nmSC","C3low_Myeloid","APP","APP_TREM2_TYROBP",TRUE,TRUE,26.3659311718735
"SCH8","nmSC","C3low_Myeloid","APP","APP_TREM2_TYROBP",TRUE,TRUE,29.6526432771918
"SCH9","nmSC","C3low_Myeloid","APP","APP_TREM2_TYROBP",TRUE,TRUE,24.7745424456112
"SCH13","nmSC","C3low_Myeloid","APP","APP_TREM2_TYROBP",TRUE,TRUE,26.4539588755968
"SCH14","nmSC","C3low_Myeloid","APP","APP_TREM2_TYROBP",TRUE,TRUE,25.6069900453329
