"pathway","source","target","sum_probability"
"ADGRE","myeSC","C3high_Myeloid",0.0109084671445991
"ADGRG","myeSC","C3high_Myeloid",0.0070513559570157
"ANGPTL","myeSC","C3high_Myeloid",0.00024113396589238
"ANNEXIN","myeSC","C3high_Myeloid",0.0432231283731121
"APP","myeSC","C3high_Myeloid",0.394610469259764
"CADM","myeSC","C3high_Myeloid",0.0172227301207657
"CD45","myeSC","C3high_Myeloid",5.50877478726189e-07
"CD99","myeSC","C3high_Myeloid",0.0356690185236646
"CHEMERIN","myeSC","C3high_Myeloid",0.000173543233878406
"COLLAGEN","myeSC","C3high_Myeloid",0.0442600781996802
"CSF","myeSC","C3high_Myeloid",0.0491531823594638
"FN1","myeSC","C3high_Myeloid",0.0198006830941765
"GDF","myeSC","C3high_Myeloid",0.0199670341487056
"IL16","myeSC","C3high_Myeloid",0.0133503261501625
"JAM","myeSC","C3high_Myeloid",0.00728321939311323
"LAMININ","myeSC","C3high_Myeloid",0.0977813346758473
"MIF","myeSC","C3high_Myeloid",0.289392678401247
"MK","myeSC","C3high_Myeloid",0.0393188232917553
"MPZ","myeSC","C3high_Myeloid",0.022060408283528
"NRXN","myeSC","C3high_Myeloid",0.000480901826395291
"PROS","myeSC","C3high_Myeloid",0.0466008977183621
"PTN","myeSC","C3high_Myeloid",0.000191813935842934
"SEMA4","myeSC","C3high_Myeloid",0.00175515277967062
"SEMA7","myeSC","C3high_Myeloid",0.00019600007268225
"THBS","myeSC","C3high_Myeloid",0.004535932989857
"THY1","myeSC","C3high_Myeloid",0.0134480344375299
"UNC5","myeSC","C3high_Myeloid",0.000589051840472995
"VEGF","myeSC","C3high_Myeloid",0.000448946685671831
"ADGRE","nmSC","C3high_Myeloid",0.0126436342306124
"ADGRG","nmSC","C3high_Myeloid",0.0100970451714809
"ANGPTL","nmSC","C3high_Myeloid",0.000745134830192747
"ANNEXIN","nmSC","C3high_Myeloid",0.0841740255914329
"APP","nmSC","C3high_Myeloid",0.385675974084454
"CADM","nmSC","C3high_Myeloid",0.0141421566292935
"CD99","nmSC","C3high_Myeloid",0.0536010626104418
"CHEMERIN","nmSC","C3high_Myeloid",0.00113499217798005
"CNTN","nmSC","C3high_Myeloid",0.0011064280724734
"COLLAGEN","nmSC","C3high_Myeloid",0.109149174035659
"CSF","nmSC","C3high_Myeloid",0.0400476542857722
"DHEAS","nmSC","C3high_Myeloid",0.000318387263327447
"FN1","nmSC","C3high_Myeloid",0.0481243581740907
"GAS","nmSC","C3high_Myeloid",0.00692666104904759
"JAM","nmSC","C3high_Myeloid",0.00371553490161948
"LAMININ","nmSC","C3high_Myeloid",0.116800397767093
"MIF","nmSC","C3high_Myeloid",0.211948733432019
"MK","nmSC","C3high_Myeloid",0.0653091662053342
"MPZ","nmSC","C3high_Myeloid",0.0110835476441496
"NECTIN","nmSC","C3high_Myeloid",0.00015773659127028
"Netrin","nmSC","C3high_Myeloid",5.2887127952466e-05
"NRXN","nmSC","C3high_Myeloid",0.00789315294604879
"PROS","nmSC","C3high_Myeloid",0.0335668595547726
"Prostaglandin","nmSC","C3high_Myeloid",0.0135071126317783
"PTN","nmSC","C3high_Myeloid",0.0238434465596006
"SEMA3","nmSC","C3high_Myeloid",0.00577127074256126
"SEMA4","nmSC","C3high_Myeloid",2.41718604564069e-05
"SEMA7","nmSC","C3high_Myeloid",0.000311468646651913
"SPP1","nmSC","C3high_Myeloid",0.0483347065630815
"THBS","nmSC","C3high_Myeloid",0.0137202025659003
"THY1","nmSC","C3high_Myeloid",0.00344432285662235
"UNC5","nmSC","C3high_Myeloid",0.000247987719617413
"VEGF","nmSC","C3high_Myeloid",0.000677383274271537
"ADGRE","myeSC","C3low_Myeloid",0.0105467992318206
"ADGRG","myeSC","C3low_Myeloid",0.0010020378221755
"ANGPTL","myeSC","C3low_Myeloid",0.000240302991594148
"ANNEXIN","myeSC","C3low_Myeloid",0.0363675047032341
"APP","myeSC","C3low_Myeloid",0.339859978587618
"CADM","myeSC","C3low_Myeloid",0.00830189652667147
"CD46","myeSC","C3low_Myeloid",6.19962820827837e-06
"CD99","myeSC","C3low_Myeloid",0.0105372780340969
"COLLAGEN","myeSC","C3low_Myeloid",0.0600673126331517
"CSF","myeSC","C3low_Myeloid",0.0345860437571615
"FN1","myeSC","C3low_Myeloid",0.0210937867020408
"GDF","myeSC","C3low_Myeloid",0.0144601802049965
"IL1","myeSC","C3low_Myeloid",0.000318585537470483
"IL16","myeSC","C3low_Myeloid",0.00930871142672807
"JAM","myeSC","C3low_Myeloid",0.00593005879371431
"LAMININ","myeSC","C3low_Myeloid",0.0985595939394468
"MIF","myeSC","C3low_Myeloid",0.324151896264911
"MK","myeSC","C3low_Myeloid",0.037768417487541
"MPZ","myeSC","C3low_Myeloid",0.00875417593807293
"NRXN","myeSC","C3low_Myeloid",5.88594604529019e-07
"PROS","myeSC","C3low_Myeloid",0.0271035840159718
"PTN","myeSC","C3low_Myeloid",0.000203654237767348
"SEMA4","myeSC","C3low_Myeloid",0.000548483969468745
"SEMA7","myeSC","C3low_Myeloid",0.000240902051956758
"THBS","myeSC","C3low_Myeloid",0.00521107306313939
"THY1","myeSC","C3low_Myeloid",0.0115467504752156
"UNC5","myeSC","C3low_Myeloid",5.5143094615321e-06
"VEGF","myeSC","C3low_Myeloid",0.000961603187091907
"ADGRE","nmSC","C3low_Myeloid",0.0126796157115266
"ADGRG","nmSC","C3low_Myeloid",0.00198873353362641
"ANGPTL","nmSC","C3low_Myeloid",0.000909161352091147
"ANNEXIN","nmSC","C3low_Myeloid",0.0736910808964508
"APP","nmSC","C3low_Myeloid",0.332139435506186
"CADM","nmSC","C3low_Myeloid",0.00678456191920948
"CD46","nmSC","C3low_Myeloid",8.23332291433779e-06
"CD99","nmSC","C3low_Myeloid",0.0419138874003363
"CNTN","nmSC","C3low_Myeloid",0.0015913632845778
"COLLAGEN","nmSC","C3low_Myeloid",0.141399954870615
"CSF","nmSC","C3low_Myeloid",0.0281213906818159
"DHEAS","nmSC","C3low_Myeloid",0.000129391031335411
"FN1","nmSC","C3low_Myeloid",0.049388106674961
"GAS","nmSC","C3low_Myeloid",0.0040269574460022
"IL1","nmSC","C3low_Myeloid",0.000736341677703612
"JAM","nmSC","C3low_Myeloid",0.00302251560553535
"LAMININ","nmSC","C3low_Myeloid",0.117674281091692
"MIF","nmSC","C3low_Myeloid",0.238813275385569
"MK","nmSC","C3low_Myeloid",0.0626344739826359
"MPZ","nmSC","C3low_Myeloid",0.00436867888530195
"NECTIN","nmSC","C3low_Myeloid",0.000132121580232486
"Netrin","nmSC","C3low_Myeloid",4.94830946821811e-07
"NRXN","nmSC","C3low_Myeloid",0.00379384442328921
"PROS","nmSC","C3low_Myeloid",0.0195204609001416
"PTN","nmSC","C3low_Myeloid",0.0252750791562536
"SEMA3","nmSC","C3low_Myeloid",0.00130768834025876
"SEMA4","nmSC","C3low_Myeloid",7.5446944897559e-06
"SEMA7","nmSC","C3low_Myeloid",0.000382813383099041
"SPP1","nmSC","C3low_Myeloid",0.0670607307936389
"THBS","nmSC","C3low_Myeloid",0.0157516718865648
"THY1","nmSC","C3low_Myeloid",0.0029559808197317
"UNC5","nmSC","C3low_Myeloid",2.32071065060713e-06
"VEGF","nmSC","C3low_Myeloid",0.00180125608274042
"APP","C3high_Myeloid","myeSC",0.00104526269496742
"CCL","C3high_Myeloid","myeSC",0.000426864985895965
"CD45","C3high_Myeloid","myeSC",0.000219440570486562
"CD99","C3high_Myeloid","myeSC",0.0182790288608009
"CXCL","C3high_Myeloid","myeSC",0.00131723366832595
"CypA","C3high_Myeloid","myeSC",0.0662083458318287
"EGF","C3high_Myeloid","myeSC",0.0169921650668281
"FN1","C3high_Myeloid","myeSC",0.0205900476085837
"GALECTIN","C3high_Myeloid","myeSC",0.0182247798073058
"GAS","C3high_Myeloid","myeSC",0.000581351011728392
"Glutamate","C3high_Myeloid","myeSC",0.0237699230360017
"GRN","C3high_Myeloid","myeSC",0.0798925240467869
"HGF","C3high_Myeloid","myeSC",0.000934328078073527
"IGF","C3high_Myeloid","myeSC",0.00508602652994558
"JAM","C3high_Myeloid","myeSC",0.000574251310539502
"ncWNT","C3high_Myeloid","myeSC",0.00226670483277284
"OSM","C3high_Myeloid","myeSC",0.0049125228723958
"PDGF","C3high_Myeloid","myeSC",0.0044137244197571
"PECAM2","C3high_Myeloid","myeSC",5.54255812699465e-05
"PSAP","C3high_Myeloid","myeSC",0.0620188816988871
"RA","C3high_Myeloid","myeSC",0.000348263268234495
"SEMA4","C3high_Myeloid","myeSC",0.00201701289370912
"SPP1","C3high_Myeloid","myeSC",0.0741800619823083
"THBS","C3high_Myeloid","myeSC",9.51674534897197e-05
"TNF","C3high_Myeloid","myeSC",0.00920095518765259
"TWEAK","C3high_Myeloid","myeSC",0.00901318766900536
"VISTA","C3high_Myeloid","myeSC",0.00565115323591753
"APP","C3low_Myeloid","myeSC",0.00147409224969676
"CCL","C3low_Myeloid","myeSC",0.00019480761688587
"CD45","C3low_Myeloid","myeSC",0.000245362028247974
"CXCL","C3low_Myeloid","myeSC",0.00113226254739058
"CypA","C3low_Myeloid","myeSC",0.0669014926848308
"EGF","C3low_Myeloid","myeSC",0.020100229533607
"FN1","C3low_Myeloid","myeSC",0.0204343357981336
"GALECTIN","C3low_Myeloid","myeSC",0.0124242484479494
"GAS","C3low_Myeloid","myeSC",0.000130161517083209
"Glutamate","C3low_Myeloid","myeSC",0.0186826351766499
"GRN","C3low_Myeloid","myeSC",0.0638560015059558
"HGF","C3low_Myeloid","myeSC",1.16019256662139e-06
"ncWNT","C3low_Myeloid","myeSC",0.00156589012662348
"NOTCH","C3low_Myeloid","myeSC",2.23497760459941e-06
"OSM","C3low_Myeloid","myeSC",0.00447208540275941
"PDGF","C3low_Myeloid","myeSC",0.00352473620333019
"PECAM2","C3low_Myeloid","myeSC",4.25307433271712e-05
"PSAP","C3low_Myeloid","myeSC",0.0461157844970877
"RA","C3low_Myeloid","myeSC",3.71536763171405e-05
"SEMA4","C3low_Myeloid","myeSC",0.0020448494272252
"SPP1","C3low_Myeloid","myeSC",0.0092526226547902
"THBS","C3low_Myeloid","myeSC",0.00996034324061825
"TWEAK","C3low_Myeloid","myeSC",0.00609393361734567
"VISTA","C3low_Myeloid","myeSC",0.00369902992629332
"2-AG","C3high_Myeloid","nmSC",7.72631965380487e-05
"CADM","C3high_Myeloid","nmSC",0.0108654591539414
"CD99","C3high_Myeloid","nmSC",0.0274624318555165
"CXCL","C3high_Myeloid","nmSC",0.000299829614433966
"CypA","C3high_Myeloid","nmSC",0.064101003995975
"FN1","C3high_Myeloid","nmSC",0.0341394704831824
"GALECTIN","C3high_Myeloid","nmSC",0.0443133158302264
"GAS","C3high_Myeloid","nmSC",0.000827093161223205
"Glutamate","C3high_Myeloid","nmSC",0.00634030046515619
"GRN","C3high_Myeloid","nmSC",0.0305039033474285
"HGF","C3high_Myeloid","nmSC",0.00111012354577153
"IGF","C3high_Myeloid","nmSC",0.0031623073554852
"JAM","C3high_Myeloid","nmSC",0.000409538141648599
"MIF","C3high_Myeloid","nmSC",0.00775619132178385
"ncWNT","C3high_Myeloid","nmSC",0.00189946981093723
"OSM","C3high_Myeloid","nmSC",0.00928429465174218
"PDGF","C3high_Myeloid","nmSC",0.00163222445753075
"PSAP","C3high_Myeloid","nmSC",0.0135321111882808
"RA","C3high_Myeloid","nmSC",2.30258869710151e-05
"SEMA4","C3high_Myeloid","nmSC",0.00180283002905714
"SPP1","C3high_Myeloid","nmSC",0.104685540313719
"THBS","C3high_Myeloid","nmSC",3.54296172575982e-05
"TNF","C3high_Myeloid","nmSC",0.0148452069410744
"TWEAK","C3high_Myeloid","nmSC",0.0126513884692886
"VISTA","C3high_Myeloid","nmSC",0.00227620380186427
"2-AG","C3low_Myeloid","nmSC",6.25633951116223e-05
"CADM","C3low_Myeloid","nmSC",0.00521493863948638
"CD99","C3low_Myeloid","nmSC",0.026019699075125
"CypA","C3low_Myeloid","nmSC",0.0647736190828372
"FN1","C3low_Myeloid","nmSC",0.0338814821952717
"GALECTIN","C3low_Myeloid","nmSC",0.0302503805939684
"GAS","C3low_Myeloid","nmSC",0.000185217272540721
"Glutamate","C3low_Myeloid","nmSC",0.00496631702476899
"GRN","C3low_Myeloid","nmSC",0.0241210810698751
"HGF","C3low_Myeloid","nmSC",1.37872713364995e-06
"MIF","C3low_Myeloid","nmSC",0.00763661948842494
"ncWNT","C3low_Myeloid","nmSC",0.00131204669413733
"NOTCH","C3low_Myeloid","nmSC",2.76630601975812e-06
"OSM","C3low_Myeloid","nmSC",0.00845173073004919
"PDGF","C3low_Myeloid","nmSC",0.00130194556884782
"PSAP","C3low_Myeloid","nmSC",0.00993052885815666
"RA","C3low_Myeloid","nmSC",2.45575074675158e-06
"SEMA4","C3low_Myeloid","nmSC",0.00182776561383869
"THBS","C3low_Myeloid","nmSC",0.00491046816084454
"TNF","C3low_Myeloid","nmSC",0.00911417455277287
"TWEAK","C3low_Myeloid","nmSC",0.00856395183296957
"VISTA","C3low_Myeloid","nmSC",0.00148817159287241
