"source","target","ligand","receptor","prob","pval","interaction_name","interaction_name_2","pathway_name","annotation","evidence"
"myeSC","C3high_Myeloid","GDF15","TGFBR2",0.0199670341487056,0,"GDF15_TGFBR2","GDF15 - TGFBR2","GDF","Secreted Signaling","KEGG: hsa04350"
"myeSC","C3low_Myeloid","GDF15","TGFBR2",0.0144601802049965,0,"GDF15_TGFBR2","GDF15 - TGFBR2","GDF","Secreted Signaling","KEGG: hsa04350"
"C3high_Myeloid","myeSC","WNT5A","MCAM",0.00226670483277284,0,"WNT5A_MCAM","WNT5A - MCAM","ncWNT","Secreted Signaling","PMID: 24335906"
"C3low_Myeloid","myeSC","WNT5A","MCAM",0.00156589012662348,0,"WNT5A_MCAM","WNT5A - MCAM","ncWNT","Secreted Signaling","PMID: 24335906"
"C3high_Myeloid","nmSC","WNT5A","MCAM",0.00189946981093723,0,"WNT5A_MCAM","WNT5A - MCAM","ncWNT","Secreted Signaling","PMID: 24335906"
"C3low_Myeloid","nmSC","WNT5A","MCAM",0.00131204669413733,0,"WNT5A_MCAM","WNT5A - MCAM","ncWNT","Secreted Signaling","PMID: 24335906"
"C3high_Myeloid","myeSC","HBEGF","ERBB4",0.00804401254132032,0,"HBEGF_ERBB4","HBEGF - ERBB4","EGF","Secreted Signaling","KEGG: hsa04012"
"C3low_Myeloid","myeSC","HBEGF","ERBB4",0.00827086365031073,0,"HBEGF_ERBB4","HBEGF - ERBB4","EGF","Secreted Signaling","KEGG: hsa04012"
"C3high_Myeloid","myeSC","HBEGF","ERBB2_ERBB4",0.00894815252550776,0,"HBEGF_ERBB2_ERBB4","HBEGF - (ERBB2+ERBB4)","EGF","Secreted Signaling","KEGG: hsa04012"
"C3low_Myeloid","myeSC","HBEGF","ERBB2_ERBB4",0.00920026501156873,0,"HBEGF_ERBB2_ERBB4","HBEGF - (ERBB2+ERBB4)","EGF","Secreted Signaling","KEGG: hsa04012"
"C3low_Myeloid","myeSC","EREG","ERBB4",0.00124409903959549,0,"EREG_ERBB4","EREG - ERBB4","EGF","Secreted Signaling","KEGG: hsa04012"
"C3low_Myeloid","myeSC","EREG","ERBB2_ERBB4",0.00138500183213202,0,"EREG_ERBB2_ERBB4","EREG - (ERBB2+ERBB4)","EGF","Secreted Signaling","KEGG: hsa04012"
"C3high_Myeloid","myeSC","PDGFA","PDGFRB",6.87793768634037e-06,0,"PDGFA_PDGFRB","PDGFA - PDGFRB","PDGF","Secreted Signaling","PMID: 15207812"
"C3high_Myeloid","nmSC","PDGFA","PDGFRB",2.52897539590343e-06,0,"PDGFA_PDGFRB","PDGFA - PDGFRB","PDGF","Secreted Signaling","PMID: 15207812"
"C3high_Myeloid","myeSC","PDGFB","PDGFRB",0.00440684648207076,0,"PDGFB_PDGFRB","PDGFB - PDGFRB","PDGF","Secreted Signaling","PMID: 15207812"
"C3low_Myeloid","myeSC","PDGFB","PDGFRB",0.00352473620333019,0,"PDGFB_PDGFRB","PDGFB - PDGFRB","PDGF","Secreted Signaling","PMID: 15207812"
"C3high_Myeloid","nmSC","PDGFB","PDGFRB",0.00162969548213485,0,"PDGFB_PDGFRB","PDGFB - PDGFRB","PDGF","Secreted Signaling","PMID: 15207812"
"C3low_Myeloid","nmSC","PDGFB","PDGFRB",0.00130194556884782,0,"PDGFB_PDGFRB","PDGFB - PDGFRB","PDGF","Secreted Signaling","PMID: 15207812"
"nmSC","C3low_Myeloid","VEGFA","FLT1",0.000350744550016188,0.01,"VEGFA_VEGFR1","VEGFA - VEGFR1","VEGF","Secreted Signaling","KEGG: hsa04370; PMID: 16633338"
"myeSC","C3high_Myeloid","VEGFB","FLT1",0.000447851694791206,0,"VEGFB_VEGFR1","VEGFB - VEGFR1","VEGF","Secreted Signaling","KEGG: hsa04370; PMID: 16633338"
"nmSC","C3high_Myeloid","VEGFB","FLT1",0.000677383274271537,0,"VEGFB_VEGFR1","VEGFB - VEGFR1","VEGF","Secreted Signaling","KEGG: hsa04370; PMID: 16633338"
"myeSC","C3low_Myeloid","VEGFB","FLT1",0.00095925662095645,0,"VEGFB_VEGFR1","VEGFB - VEGFR1","VEGF","Secreted Signaling","KEGG: hsa04370; PMID: 16633338"
"nmSC","C3low_Myeloid","VEGFB","FLT1",0.00145051153272423,0,"VEGFB_VEGFR1","VEGFB - VEGFR1","VEGF","Secreted Signaling","KEGG: hsa04370; PMID: 16633338"
"myeSC","C3high_Myeloid","PGF","FLT1",1.09499088062537e-06,0,"PGF_VEGFR1","PGF - VEGFR1","VEGF","Secreted Signaling","KEGG: hsa04370; PMID: 16633338"
"myeSC","C3low_Myeloid","PGF","FLT1",2.34656613545715e-06,0,"PGF_VEGFR1","PGF - VEGFR1","VEGF","Secreted Signaling","KEGG: hsa04370; PMID: 16633338"
"C3high_Myeloid","myeSC","IGF1","IGF1R",0.000469984872331233,0,"IGF1_IGF1R","IGF1 - IGF1R","IGF","Secreted Signaling","PMID: 14604834"
"C3high_Myeloid","nmSC","IGF1","IGF1R",0.000226033743121864,0,"IGF1_IGF1R","IGF1 - IGF1R","IGF","Secreted Signaling","PMID: 14604834"
"C3high_Myeloid","myeSC","IGF1","ITGA6_ITGB4",0.00461604165761435,0,"IGF1_ITGA6_ITGB4","IGF1 - (ITGA6+ITGB4)","IGF","Secreted Signaling","PMID: 28190785; PMID: 28873464"
"C3high_Myeloid","nmSC","IGF1","ITGA6_ITGB4",0.00293627361236334,0,"IGF1_ITGA6_ITGB4","IGF1 - (ITGA6+ITGB4)","IGF","Secreted Signaling","PMID: 28190785; PMID: 28873464"
"C3high_Myeloid","myeSC","CCL2","ACKR1",0.000418549329226691,0,"CCL2_ACKR1","CCL2 - ACKR1","CCL","Secreted Signaling","PMID: 26740381"
"C3low_Myeloid","myeSC","CCL2","ACKR1",0.00019480761688587,0,"CCL2_ACKR1","CCL2 - ACKR1","CCL","Secreted Signaling","PMID: 26740381"
"C3high_Myeloid","myeSC","CCL5","ACKR1",8.3156566692743e-06,0,"CCL5_ACKR1","CCL5 - ACKR1","CCL","Secreted Signaling","PMID: 26740381"
"C3high_Myeloid","myeSC","CXCL2","ACKR1",0.000200664257187155,0,"CXCL2_ACKR1","CXCL2 - ACKR1","CXCL","Secreted Signaling","PMID: 26740381"
"C3low_Myeloid","myeSC","CXCL2","ACKR1",0.000203002679183708,0,"CXCL2_ACKR1","CXCL2 - ACKR1","CXCL","Secreted Signaling","PMID: 26740381"
"C3high_Myeloid","myeSC","CXCL3","ACKR1",0.000111122438917142,0,"CXCL3_ACKR1","CXCL3 - ACKR1","CXCL","Secreted Signaling","PMID: 26740381"
"C3low_Myeloid","myeSC","CXCL3","ACKR1",5.60503352356847e-05,0,"CXCL3_ACKR1","CXCL3 - ACKR1","CXCL","Secreted Signaling","PMID: 26740381"
"C3high_Myeloid","myeSC","CXCL8","ACKR1",0.00100408102453033,0,"CXCL8_ACKR1","CXCL8 - ACKR1","CXCL","Secreted Signaling","PMID: 26740381"
"C3low_Myeloid","myeSC","CXCL8","ACKR1",0.000873209532971189,0,"CXCL8_ACKR1","CXCL8 - ACKR1","CXCL","Secreted Signaling","PMID: 26740381"
"C3high_Myeloid","myeSC","CXCL10","ACKR1",1.36594769133018e-06,0,"CXCL10_ACKR1","CXCL10 - ACKR1","CXCL","Secreted Signaling","PMID: 26740381"
"C3high_Myeloid","nmSC","CXCL12","ACKR3",0.000299829614433966,0,"CXCL12_ACKR3","CXCL12 - ACKR3","CXCL","Secreted Signaling","KEGG: hsa04060"
"myeSC","C3high_Myeloid","MIF","CD74_CXCR4",0.181696673299725,0,"MIF_CD74_CXCR4","MIF - (CD74+CXCR4)","MIF","Secreted Signaling","PMID: 29637711; PMID: 24760155"
"nmSC","C3high_Myeloid","MIF","CD74_CXCR4",0.134226036346525,0,"MIF_CD74_CXCR4","MIF - (CD74+CXCR4)","MIF","Secreted Signaling","PMID: 29637711; PMID: 24760155"
"myeSC","C3low_Myeloid","MIF","CD74_CXCR4",0.203510002486645,0,"MIF_CD74_CXCR4","MIF - (CD74+CXCR4)","MIF","Secreted Signaling","PMID: 29637711; PMID: 24760155"
"nmSC","C3low_Myeloid","MIF","CD74_CXCR4",0.151394725744566,0,"MIF_CD74_CXCR4","MIF - (CD74+CXCR4)","MIF","Secreted Signaling","PMID: 29637711; PMID: 24760155"
"myeSC","C3high_Myeloid","MIF","CD74_CD44",0.107696005101521,0,"MIF_CD74_CD44","MIF - (CD74+CD44)","MIF","Secreted Signaling","PMID: 29637711; PMID: 26175090"
"nmSC","C3high_Myeloid","MIF","CD74_CD44",0.0777226970854942,0,"MIF_CD74_CD44","MIF - (CD74+CD44)","MIF","Secreted Signaling","PMID: 29637711; PMID: 26175090"
"myeSC","C3low_Myeloid","MIF","CD74_CD44",0.120641893778266,0,"MIF_CD74_CD44","MIF - (CD74+CD44)","MIF","Secreted Signaling","PMID: 29637711; PMID: 26175090"
"nmSC","C3low_Myeloid","MIF","CD74_CD44",0.0874185496410034,0,"MIF_CD74_CD44","MIF - (CD74+CD44)","MIF","Secreted Signaling","PMID: 29637711; PMID: 26175090"
"C3high_Myeloid","nmSC","MIF","ACKR3",0.00775619132178385,0,"MIF_ACKR3","MIF - ACKR3","MIF","Secreted Signaling","PMID: 26175090"
"C3low_Myeloid","nmSC","MIF","ACKR3",0.00763661948842494,0,"MIF_ACKR3","MIF - ACKR3","MIF","Secreted Signaling","PMID: 26175090"
"C3high_Myeloid","myeSC","OSM","LIFR_IL6ST",0.0049125228723958,0,"OSM_LIFR_IL6ST","OSM - (LIFR+IL6ST)","OSM","Secreted Signaling","KEGG: hsa04060"
"C3low_Myeloid","myeSC","OSM","LIFR_IL6ST",0.00447208540275941,0,"OSM_LIFR_IL6ST","OSM - (LIFR+IL6ST)","OSM","Secreted Signaling","KEGG: hsa04060"
"C3high_Myeloid","nmSC","OSM","LIFR_IL6ST",0.0051058798190411,0,"OSM_LIFR_IL6ST","OSM - (LIFR+IL6ST)","OSM","Secreted Signaling","KEGG: hsa04060"
"C3low_Myeloid","nmSC","OSM","LIFR_IL6ST",0.00464818770347189,0,"OSM_LIFR_IL6ST","OSM - (LIFR+IL6ST)","OSM","Secreted Signaling","KEGG: hsa04060"
"C3high_Myeloid","nmSC","OSM","OSMR_IL6ST",0.00417841483270108,0,"OSM_OSMR_IL6ST","OSM - (OSMR+IL6ST)","OSM","Secreted Signaling","KEGG: hsa04060"
"C3low_Myeloid","nmSC","OSM","OSMR_IL6ST",0.0038035430265773,0,"OSM_OSMR_IL6ST","OSM - (OSMR+IL6ST)","OSM","Secreted Signaling","KEGG: hsa04060"
"myeSC","C3low_Myeloid","IL1B","IL1R2",0.000318585537470483,0,"IL1B_IL1R2","IL1B - IL1R2","IL1","Secreted Signaling","KEGG: hsa04060"
"nmSC","C3low_Myeloid","IL1B","IL1R2",0.000736341677703612,0,"IL1B_IL1R2","IL1B - IL1R2","IL1","Secreted Signaling","KEGG: hsa04060"
"myeSC","C3high_Myeloid","IL34","CSF1R",0.0404387515705733,0,"IL34_CSF1R","IL34 - CSF1R","CSF","Secreted Signaling","KEGG: hsa04060"
"nmSC","C3high_Myeloid","IL34","CSF1R",0.0327818179933593,0,"IL34_CSF1R","IL34 - CSF1R","CSF","Secreted Signaling","KEGG: hsa04060"
"myeSC","C3low_Myeloid","IL34","CSF1R",0.0285030746083483,0,"IL34_CSF1R","IL34 - CSF1R","CSF","Secreted Signaling","KEGG: hsa04060"
"nmSC","C3low_Myeloid","IL34","CSF1R",0.0230518268266111,0,"IL34_CSF1R","IL34 - CSF1R","CSF","Secreted Signaling","KEGG: hsa04060"
"myeSC","C3high_Myeloid","CSF1","CSF1R",0.00871443078889047,0,"CSF1_CSF1R","CSF1 - CSF1R","CSF","Secreted Signaling","KEGG: hsa04060"
"nmSC","C3high_Myeloid","CSF1","CSF1R",0.00726583629241294,0,"CSF1_CSF1R","CSF1 - CSF1R","CSF","Secreted Signaling","KEGG: hsa04060"
"myeSC","C3low_Myeloid","CSF1","CSF1R",0.00608296914881322,0,"CSF1_CSF1R","CSF1 - CSF1R","CSF","Secreted Signaling","KEGG: hsa04060"
"nmSC","C3low_Myeloid","CSF1","CSF1R",0.00506956385520486,0,"CSF1_CSF1R","CSF1 - CSF1R","CSF","Secreted Signaling","KEGG: hsa04060"
"myeSC","C3high_Myeloid","IL16","CD4",0.0133503261501625,0,"IL16_CD4","IL16 - CD4","IL16","Secreted Signaling","KEGG: hsa04060"
"myeSC","C3low_Myeloid","IL16","CD4",0.00930871142672807,0,"IL16_CD4","IL16 - CD4","IL16","Secreted Signaling","KEGG: hsa04060"
"C3high_Myeloid","myeSC","TNF","TNFRSF1A",0.00920095518765259,0.01,"TNF_TNFRSF1A","TNF - TNFRSF1A","TNF","Secreted Signaling","KEGG: hsa04060"
"C3high_Myeloid","nmSC","TNF","TNFRSF1A",0.0148452069410744,0,"TNF_TNFRSF1A","TNF - TNFRSF1A","TNF","Secreted Signaling","KEGG: hsa04060"
"C3low_Myeloid","nmSC","TNF","TNFRSF1A",0.00911417455277287,0,"TNF_TNFRSF1A","TNF - TNFRSF1A","TNF","Secreted Signaling","KEGG: hsa04060"
"C3high_Myeloid","myeSC","TNFSF12","TNFRSF12A",0.00901318766900536,0,"TNFSF12_TNFRSF12A","TNFSF12 - TNFRSF12A","TWEAK","Secreted Signaling","KEGG: hsa04060"
"C3low_Myeloid","myeSC","TNFSF12","TNFRSF12A",0.00609393361734567,0,"TNFSF12_TNFRSF12A","TNFSF12 - TNFRSF12A","TWEAK","Secreted Signaling","KEGG: hsa04060"
"C3high_Myeloid","nmSC","TNFSF12","TNFRSF12A",0.0126513884692886,0,"TNFSF12_TNFRSF12A","TNFSF12 - TNFRSF12A","TWEAK","Secreted Signaling","KEGG: hsa04060"
"C3low_Myeloid","nmSC","TNFSF12","TNFRSF12A",0.00856395183296957,0,"TNFSF12_TNFRSF12A","TNFSF12 - TNFRSF12A","TWEAK","Secreted Signaling","KEGG: hsa04060"
"nmSC","C3low_Myeloid","SPP1","CD44",0.0297880538374154,0,"SPP1_CD44","SPP1 - CD44","SPP1","Secreted Signaling","PMID: 21907263"
"C3high_Myeloid","nmSC","SPP1","CD44",0.0456279460878227,0,"SPP1_CD44","SPP1 - CD44","SPP1","Secreted Signaling","PMID: 21907263"
"nmSC","C3high_Myeloid","SPP1","ITGAV_ITGB1",0.0292140131802605,0,"SPP1_ITGAV_ITGB1","SPP1 - (ITGAV+ITGB1)","SPP1","Secreted Signaling","PMID: 21907263"
"C3high_Myeloid","myeSC","SPP1","ITGAV_ITGB1",0.0495542528455179,0,"SPP1_ITGAV_ITGB1","SPP1 - (ITGAV+ITGB1)","SPP1","Secreted Signaling","PMID: 21907263"
"C3high_Myeloid","nmSC","SPP1","ITGAV_ITGB1",0.0590575942258961,0,"SPP1_ITGAV_ITGB1","SPP1 - (ITGAV+ITGB1)","SPP1","Secreted Signaling","PMID: 21907263"
"nmSC","C3high_Myeloid","SPP1","ITGAV_ITGB5",0.0038734444823247,0,"SPP1_ITGAV_ITGB5","SPP1 - (ITGAV+ITGB5)","SPP1","Secreted Signaling","PMID: 21907263"
"C3high_Myeloid","myeSC","SPP1","ITGAV_ITGB5",0.0246258091367905,0,"SPP1_ITGAV_ITGB5","SPP1 - (ITGAV+ITGB5)","SPP1","Secreted Signaling","PMID: 21907263"
"C3low_Myeloid","myeSC","SPP1","ITGAV_ITGB5",0.0092526226547902,0,"SPP1_ITGAV_ITGB5","SPP1 - (ITGAV+ITGB5)","SPP1","Secreted Signaling","PMID: 21907263"
"nmSC","C3low_Myeloid","SPP1","ITGA4_ITGB1",0.0218565293271632,0,"SPP1_ITGA4_ITGB1","SPP1 - (ITGA4+ITGB1)","SPP1","Secreted Signaling","PMID: 21907263"
"nmSC","C3high_Myeloid","SPP1","ITGA5_ITGB1",0.0152472489004963,0,"SPP1_ITGA5_ITGB1","SPP1 - (ITGA5+ITGB1)","SPP1","Secreted Signaling","PMID: 21907263"
"nmSC","C3low_Myeloid","SPP1","ITGA5_ITGB1",0.0154161476290604,0,"SPP1_ITGA5_ITGB1","SPP1 - (ITGA5+ITGB1)","SPP1","Secreted Signaling","PMID: 21907263"
"nmSC","C3high_Myeloid","ANGPTL7","LILRB3",0.000134782302197055,0,"ANGPTL7_PIRB","ANGPTL7 - PIRB","ANGPTL","Secreted Signaling","PMID: 24478758"
"nmSC","C3low_Myeloid","ANGPTL7","LILRB3",0.000300917826541727,0,"ANGPTL7_PIRB","ANGPTL7 - PIRB","ANGPTL","Secreted Signaling","PMID: 24478758"
"myeSC","C3high_Myeloid","ANGPTL4","ITGA5_ITGB1",0.000237630112705989,0,"ANGPTL4_ITGA5_ITGB1","ANGPTL4 - (ITGA5+ITGB1)","ANGPTL","Secreted Signaling","PMID: 30049845"
"nmSC","C3high_Myeloid","ANGPTL4","ITGA5_ITGB1",0.000601480523586732,0,"ANGPTL4_ITGA5_ITGB1","ANGPTL4 - (ITGA5+ITGB1)","ANGPTL","Secreted Signaling","PMID: 30049845"
"myeSC","C3low_Myeloid","ANGPTL4","ITGA5_ITGB1",0.000240302991594148,0,"ANGPTL4_ITGA5_ITGB1","ANGPTL4 - (ITGA5+ITGB1)","ANGPTL","Secreted Signaling","PMID: 30049845"
"nmSC","C3low_Myeloid","ANGPTL4","ITGA5_ITGB1",0.00060824352554942,0,"ANGPTL4_ITGA5_ITGB1","ANGPTL4 - (ITGA5+ITGB1)","ANGPTL","Secreted Signaling","PMID: 30049845"
"myeSC","C3high_Myeloid","ANGPTL4","SDC3",3.50385318639118e-06,0,"ANGPTL4_SDC3","ANGPTL4 - SDC3","ANGPTL","Secreted Signaling","PMID: 29017031"
"nmSC","C3high_Myeloid","ANGPTL4","SDC3",8.87200440896103e-06,0,"ANGPTL4_SDC3","ANGPTL4 - SDC3","ANGPTL","Secreted Signaling","PMID: 29017031"
"myeSC","C3high_Myeloid","MDK","ITGA4_ITGB1",0.00564441587801257,0,"MDK_ITGA4_ITGB1","MDK - (ITGA4+ITGB1)","MK","Secreted Signaling","PMID: 28356350"
"nmSC","C3high_Myeloid","MDK","ITGA4_ITGB1",0.00944906098281566,0,"MDK_ITGA4_ITGB1","MDK - (ITGA4+ITGB1)","MK","Secreted Signaling","PMID: 28356350"
"myeSC","C3low_Myeloid","MDK","ITGA4_ITGB1",0.006669198647789,0,"MDK_ITGA4_ITGB1","MDK - (ITGA4+ITGB1)","MK","Secreted Signaling","PMID: 28356350"
"nmSC","C3low_Myeloid","MDK","ITGA4_ITGB1",0.0111568529541152,0,"MDK_ITGA4_ITGB1","MDK - (ITGA4+ITGB1)","MK","Secreted Signaling","PMID: 28356350"
"myeSC","C3high_Myeloid","MDK","ITGA6_ITGB1",0.00421172260379879,0,"MDK_ITGA6_ITGB1","MDK - (ITGA6+ITGB1)","MK","Secreted Signaling","PMID: 28356350"
"nmSC","C3high_Myeloid","MDK","ITGA6_ITGB1",0.00705750828002757,0,"MDK_ITGA6_ITGB1","MDK - (ITGA6+ITGB1)","MK","Secreted Signaling","PMID: 28356350"
"myeSC","C3low_Myeloid","MDK","ITGA6_ITGB1",0.00220300645372645,0,"MDK_ITGA6_ITGB1","MDK - (ITGA6+ITGB1)","MK","Secreted Signaling","PMID: 28356350"
"nmSC","C3low_Myeloid","MDK","ITGA6_ITGB1",0.00369657694715007,0,"MDK_ITGA6_ITGB1","MDK - (ITGA6+ITGB1)","MK","Secreted Signaling","PMID: 28356350"
"myeSC","C3high_Myeloid","MDK","LRP1",0.00483058811803669,0,"MDK_LRP1","MDK - LRP1","MK","Secreted Signaling","PMID: 28356350"
"nmSC","C3high_Myeloid","MDK","LRP1",0.00809113249103873,0,"MDK_LRP1","MDK - LRP1","MK","Secreted Signaling","PMID: 28356350"
"myeSC","C3low_Myeloid","MDK","LRP1",0.00271394319785905,0,"MDK_LRP1","MDK - LRP1","MK","Secreted Signaling","PMID: 28356350"
"nmSC","C3low_Myeloid","MDK","LRP1",0.00455233265328279,0,"MDK_LRP1","MDK - LRP1","MK","Secreted Signaling","PMID: 28356350"
"myeSC","C3high_Myeloid","MDK","NCL",0.0246320966919072,0,"MDK_NCL","MDK - NCL","MK","Secreted Signaling","PMID: 28356350"
"nmSC","C3high_Myeloid","MDK","NCL",0.0407114644514522,0,"MDK_NCL","MDK - NCL","MK","Secreted Signaling","PMID: 28356350"
"myeSC","C3low_Myeloid","MDK","NCL",0.0261822691881665,0,"MDK_NCL","MDK - NCL","MK","Secreted Signaling","PMID: 28356350"
"nmSC","C3low_Myeloid","MDK","NCL",0.0432287114280879,0,"MDK_NCL","MDK - NCL","MK","Secreted Signaling","PMID: 28356350"
"myeSC","C3high_Myeloid","PTN","SDC3",5.19589310879769e-07,0,"PTN_SDC3","PTN - SDC3","PTN","Secreted Signaling","PMID: 28356350; PMID: 25620911"
"nmSC","C3high_Myeloid","PTN","SDC3",6.61394009225553e-05,0,"PTN_SDC3","PTN - SDC3","PTN","Secreted Signaling","PMID: 28356350; PMID: 25620911"
"myeSC","C3high_Myeloid","PTN","NCL",0.000191294346532054,0,"PTN_NCL","PTN - NCL","PTN","Secreted Signaling","PMID: 28356350; PMID: 25620911"
"nmSC","C3high_Myeloid","PTN","NCL",0.0237773071586781,0,"PTN_NCL","PTN - NCL","PTN","Secreted Signaling","PMID: 28356350; PMID: 25620911"
"myeSC","C3low_Myeloid","PTN","NCL",0.000203654237767348,0,"PTN_NCL","PTN - NCL","PTN","Secreted Signaling","PMID: 28356350; PMID: 25620911"
"nmSC","C3low_Myeloid","PTN","NCL",0.0252750791562536,0,"PTN_NCL","PTN - NCL","PTN","Secreted Signaling","PMID: 28356350; PMID: 25620911"
"C3high_Myeloid","myeSC","HGF","MET",0.000934328078073527,0,"HGF_MET","HGF - MET","HGF","Secreted Signaling","PMID: 28475121"
"C3low_Myeloid","myeSC","HGF","MET",1.16019256662139e-06,0,"HGF_MET","HGF - MET","HGF","Secreted Signaling","PMID: 28475121"
"C3high_Myeloid","nmSC","HGF","MET",0.00111012354577153,0,"HGF_MET","HGF - MET","HGF","Secreted Signaling","PMID: 28475121"
"C3low_Myeloid","nmSC","HGF","MET",1.37872713364995e-06,0,"HGF_MET","HGF - MET","HGF","Secreted Signaling","PMID: 28475121"
"nmSC","C3high_Myeloid","SEMA3C","NRP1_NRP2",0.00287736287065852,0,"SEMA3C_NRP1_NRP2","SEMA3C - (NRP1+NRP2)","SEMA3","Secreted Signaling","PMID: 27533782"
"nmSC","C3high_Myeloid","SEMA3C","PLXND1",0.00289390787190275,0,"SEMA3C_PLXND1","SEMA3C - PLXND1","SEMA3","Secreted Signaling","PMID: 27533782"
"nmSC","C3low_Myeloid","SEMA3C","PLXND1",0.00130768834025876,0,"SEMA3C_PLXND1","SEMA3C - PLXND1","SEMA3","Secreted Signaling","PMID: 27533782"
"myeSC","C3high_Myeloid","ANXA1","FPR1",0.0390037022517924,0,"ANXA1_FPR1","ANXA1 - FPR1","ANNEXIN","Secreted Signaling","PMID: 23230437"
"nmSC","C3high_Myeloid","ANXA1","FPR1",0.0756964952552955,0,"ANXA1_FPR1","ANXA1 - FPR1","ANNEXIN","Secreted Signaling","PMID: 23230437"
"myeSC","C3low_Myeloid","ANXA1","FPR1",0.0363675047032341,0,"ANXA1_FPR1","ANXA1 - FPR1","ANNEXIN","Secreted Signaling","PMID: 23230437"
"nmSC","C3low_Myeloid","ANXA1","FPR1",0.0707629059631429,0,"ANXA1_FPR1","ANXA1 - FPR1","ANNEXIN","Secreted Signaling","PMID: 23230437"
"nmSC","C3high_Myeloid","GAS6","AXL",0.00495904307416576,0,"GAS6_AXL","GAS6 - AXL","GAS","Secreted Signaling","PMID: 27801848"
"nmSC","C3low_Myeloid","GAS6","AXL",0.0040269574460022,0,"GAS6_AXL","GAS6 - AXL","GAS","Secreted Signaling","PMID: 27801848"
"nmSC","C3high_Myeloid","GAS6","MERTK",0.00196761797488183,0,"GAS6_MERTK","GAS6 - MERTK","GAS","Secreted Signaling","PMID: 27801848"
"C3high_Myeloid","myeSC","GAS6","TYRO3",0.000581351011728392,0,"GAS6_TYRO3","GAS6 - TYRO3","GAS","Secreted Signaling","PMID: 27801848"
"C3low_Myeloid","myeSC","GAS6","TYRO3",0.000130161517083209,0,"GAS6_TYRO3","GAS6 - TYRO3","GAS","Secreted Signaling","PMID: 27801848"
"C3high_Myeloid","nmSC","GAS6","TYRO3",0.000827093161223205,0,"GAS6_TYRO3","GAS6 - TYRO3","GAS","Secreted Signaling","PMID: 27801848"
"C3low_Myeloid","nmSC","GAS6","TYRO3",0.000185217272540721,0,"GAS6_TYRO3","GAS6 - TYRO3","GAS","Secreted Signaling","PMID: 27801848"
"C3high_Myeloid","myeSC","GRN","SORT1",0.0798925240467869,0,"GRN_SORT1","GRN - SORT1","GRN","Secreted Signaling","PMID: 29555433"
"C3low_Myeloid","myeSC","GRN","SORT1",0.0638560015059558,0,"GRN_SORT1","GRN - SORT1","GRN","Secreted Signaling","PMID: 29555433"
"C3high_Myeloid","nmSC","GRN","SORT1",0.0305039033474285,0,"GRN_SORT1","GRN - SORT1","GRN","Secreted Signaling","PMID: 29555433"
"C3low_Myeloid","nmSC","GRN","SORT1",0.0241210810698751,0,"GRN_SORT1","GRN - SORT1","GRN","Secreted Signaling","PMID: 29555433"
"myeSC","C3high_Myeloid","PROS1","AXL",0.0331989759932807,0,"PROS1_AXL","PROS1 - AXL","PROS","Secreted Signaling","PMID: 29531161"
"nmSC","C3high_Myeloid","PROS1","AXL",0.0239524517663726,0,"PROS1_AXL","PROS1 - AXL","PROS","Secreted Signaling","PMID: 29531161"
"myeSC","C3low_Myeloid","PROS1","AXL",0.0271035840159718,0,"PROS1_AXL","PROS1 - AXL","PROS","Secreted Signaling","PMID: 29531161"
"nmSC","C3low_Myeloid","PROS1","AXL",0.0195204609001416,0,"PROS1_AXL","PROS1 - AXL","PROS","Secreted Signaling","PMID: 29531161"
"C3high_Myeloid","myeSC","PSAP","GPR37L1",0.0620188816988871,0,"PSAP_GPR37L1","PSAP - GPR37L1","PSAP","Secreted Signaling","PMID: 23690594"
"C3low_Myeloid","myeSC","PSAP","GPR37L1",0.0461157844970877,0,"PSAP_GPR37L1","PSAP - GPR37L1","PSAP","Secreted Signaling","PMID: 23690594"
"C3high_Myeloid","nmSC","PSAP","GPR37L1",0.0135321111882808,0,"PSAP_GPR37L1","PSAP - GPR37L1","PSAP","Secreted Signaling","PMID: 23690594"
"C3low_Myeloid","nmSC","PSAP","GPR37L1",0.00993052885815666,0,"PSAP_GPR37L1","PSAP - GPR37L1","PSAP","Secreted Signaling","PMID: 23690594"
"myeSC","C3high_Myeloid","RARRES2","CMKLR1",0.000173543233878406,0,"RARRES2_CMKLR1","RARRES2 - CMKLR1","CHEMERIN","Secreted Signaling","PMID: 24671882"
"nmSC","C3high_Myeloid","RARRES2","CMKLR1",0.00113499217798005,0,"RARRES2_CMKLR1","RARRES2 - CMKLR1","CHEMERIN","Secreted Signaling","PMID: 24671882"
"C3high_Myeloid","nmSC","LGALS9","CD44",0.0232877796397758,0,"LGALS9_CD44","LGALS9 - CD44","GALECTIN","Secreted Signaling","PMID: 25065622"
"C3low_Myeloid","nmSC","LGALS9","CD44",0.0159028859504241,0,"LGALS9_CD44","LGALS9 - CD44","GALECTIN","Secreted Signaling","PMID: 25065622"
"myeSC","C3high_Myeloid","ANXA1","FPR3",0.00421942612131969,0,"ANXA1_FPR3","ANXA1 - FPR3","ANNEXIN","Secreted Signaling","PMID: 33082511"
"nmSC","C3high_Myeloid","ANXA1","FPR3",0.0084775303361375,0,"ANXA1_FPR3","ANXA1 - FPR3","ANNEXIN","Secreted Signaling","PMID: 33082511"
"nmSC","C3low_Myeloid","ANXA1","FPR3",0.00292817493330795,0,"ANXA1_FPR3","ANXA1 - FPR3","ANNEXIN","Secreted Signaling","PMID: 33082511"
"C3high_Myeloid","myeSC","LGALS9","BCR_CD45_CD22",9.56212726318328e-05,0,"LGALS9_BCR_CD45_CD22","LGALS9 - BCR_CD45_CD22","GALECTIN","Secreted Signaling","PMID:30120235"
"C3low_Myeloid","myeSC","LGALS9","BCR_CD45_CD22",6.4810358875124e-05,0,"LGALS9_BCR_CD45_CD22","LGALS9 - BCR_CD45_CD22","GALECTIN","Secreted Signaling","PMID:30120235"
"C3high_Myeloid","myeSC","LGALS9","P4HB",0.018129158534674,0,"LGALS9_P4HB","LGALS9 - P4HB","GALECTIN","Secreted Signaling","PMID:21670307;uniprot"
"C3low_Myeloid","myeSC","LGALS9","P4HB",0.0123594380890743,0,"LGALS9_P4HB","LGALS9 - P4HB","GALECTIN","Secreted Signaling","PMID:21670307;uniprot"
"C3high_Myeloid","nmSC","LGALS9","P4HB",0.0210255361904506,0,"LGALS9_P4HB","LGALS9 - P4HB","GALECTIN","Secreted Signaling","PMID:21670307;uniprot"
"C3low_Myeloid","nmSC","LGALS9","P4HB",0.0143474946435443,0,"LGALS9_P4HB","LGALS9 - P4HB","GALECTIN","Secreted Signaling","PMID:21670307;uniprot"
"C3high_Myeloid","myeSC","PPIA","BSG",0.0662083458318287,0,"PPIA_BSG","PPIA - BSG","CypA","Secreted Signaling","PMID: 36012604"
"C3low_Myeloid","myeSC","PPIA","BSG",0.0669014926848308,0,"PPIA_BSG","PPIA - BSG","CypA","Secreted Signaling","PMID: 36012604"
"C3high_Myeloid","nmSC","PPIA","BSG",0.064101003995975,0,"PPIA_BSG","PPIA - BSG","CypA","Secreted Signaling","PMID: 36012604"
"C3low_Myeloid","nmSC","PPIA","BSG",0.0647736190828372,0,"PPIA_BSG","PPIA - BSG","CypA","Secreted Signaling","PMID: 36012604"
"myeSC","C3high_Myeloid","PROS1","MERTK",0.0134019217250814,0,"PROS1_MERTK","PROS1 - MERTK","PROS","Secreted Signaling","PMID: 34631419"
"nmSC","C3high_Myeloid","PROS1","MERTK",0.00961440778839991,0,"PROS1_MERTK","PROS1 - MERTK","PROS","Secreted Signaling","PMID: 34631419"
"C3high_Myeloid","myeSC","FN1","ITGA3_ITGB1",0.00807616754297535,0,"FN1_ITGA3_ITGB1","FN1 - (ITGA3+ITGB1)","FN1","ECM-Receptor","KEGG: hsa04512"
"C3low_Myeloid","myeSC","FN1","ITGA3_ITGB1",0.00801515227829448,0,"FN1_ITGA3_ITGB1","FN1 - (ITGA3+ITGB1)","FN1","ECM-Receptor","KEGG: hsa04512"
"C3high_Myeloid","nmSC","FN1","ITGA3_ITGB1",0.00302179311109716,0,"FN1_ITGA3_ITGB1","FN1 - (ITGA3+ITGB1)","FN1","ECM-Receptor","KEGG: hsa04512"
"C3low_Myeloid","nmSC","FN1","ITGA3_ITGB1",0.00299884808647941,0,"FN1_ITGA3_ITGB1","FN1 - (ITGA3+ITGB1)","FN1","ECM-Receptor","KEGG: hsa04512"
"myeSC","C3high_Myeloid","FN1","ITGA4_ITGB1",0.00581027033103334,0.04,"FN1_ITGA4_ITGB1","FN1 - (ITGA4+ITGB1)","FN1","ECM-Receptor","KEGG: hsa04512"
"nmSC","C3high_Myeloid","FN1","ITGA4_ITGB1",0.0103557907146612,0,"FN1_ITGA4_ITGB1","FN1 - (ITGA4+ITGB1)","FN1","ECM-Receptor","KEGG: hsa04512"
"myeSC","C3low_Myeloid","FN1","ITGA4_ITGB1",0.00686495723351621,0,"FN1_ITGA4_ITGB1","FN1 - (ITGA4+ITGB1)","FN1","ECM-Receptor","KEGG: hsa04512"
"nmSC","C3low_Myeloid","FN1","ITGA4_ITGB1",0.0122254394045882,0,"FN1_ITGA4_ITGB1","FN1 - (ITGA4+ITGB1)","FN1","ECM-Receptor","KEGG: hsa04512"
"myeSC","C3high_Myeloid","FN1","ITGA5_ITGB1",0.0047669431213603,0,"FN1_ITGA5_ITGB1","FN1 - (ITGA5+ITGB1)","FN1","ECM-Receptor","KEGG: hsa04512"
"nmSC","C3high_Myeloid","FN1","ITGA5_ITGB1",0.00850322350166685,0,"FN1_ITGA5_ITGB1","FN1 - (ITGA5+ITGB1)","FN1","ECM-Receptor","KEGG: hsa04512"
"myeSC","C3low_Myeloid","FN1","ITGA5_ITGB1",0.00482031637189008,0,"FN1_ITGA5_ITGB1","FN1 - (ITGA5+ITGB1)","FN1","ECM-Receptor","KEGG: hsa04512"
"nmSC","C3low_Myeloid","FN1","ITGA5_ITGB1",0.0085980687409369,0,"FN1_ITGA5_ITGB1","FN1 - (ITGA5+ITGB1)","FN1","ECM-Receptor","KEGG: hsa04512"
"C3high_Myeloid","myeSC","THBS1","ITGA3_ITGB1",9.51674534897197e-05,0,"THBS1_ITGA3_ITGB1","THBS1 - (ITGA3+ITGB1)","THBS","ECM-Receptor","KEGG: hsa04512"
"C3low_Myeloid","myeSC","THBS1","ITGA3_ITGB1",0.00370194016599117,0,"THBS1_ITGA3_ITGB1","THBS1 - (ITGA3+ITGB1)","THBS","ECM-Receptor","KEGG: hsa04512"
"C3high_Myeloid","nmSC","THBS1","ITGA3_ITGB1",3.54296172575982e-05,0,"THBS1_ITGA3_ITGB1","THBS1 - (ITGA3+ITGB1)","THBS","ECM-Receptor","KEGG: hsa04512"
"C3low_Myeloid","nmSC","THBS1","ITGA3_ITGB1",0.00138131225895612,0,"THBS1_ITGA3_ITGB1","THBS1 - (ITGA3+ITGB1)","THBS","ECM-Receptor","KEGG: hsa04512"
"myeSC","C3high_Myeloid","LAMA2","ITGA6_ITGB1",0.00172235199931283,0,"LAMA2_ITGA6_ITGB1","LAMA2 - (ITGA6+ITGB1)","LAMININ","ECM-Receptor","KEGG: hsa04512"
"nmSC","C3high_Myeloid","LAMA2","ITGA6_ITGB1",0.00596078467490146,0,"LAMA2_ITGA6_ITGB1","LAMA2 - (ITGA6+ITGB1)","LAMININ","ECM-Receptor","KEGG: hsa04512"
"myeSC","C3low_Myeloid","LAMA2","ITGA6_ITGB1",0.000899829915465968,0,"LAMA2_ITGA6_ITGB1","LAMA2 - (ITGA6+ITGB1)","LAMININ","ECM-Receptor","KEGG: hsa04512"
"nmSC","C3low_Myeloid","LAMA2","ITGA6_ITGB1",0.0031204944303896,0,"LAMA2_ITGA6_ITGB1","LAMA2 - (ITGA6+ITGB1)","LAMININ","ECM-Receptor","KEGG: hsa04512"
"myeSC","C3high_Myeloid","LAMA3","ITGA6_ITGB1",0.00301912635220011,0,"LAMA3_ITGA6_ITGB1","LAMA3 - (ITGA6+ITGB1)","LAMININ","ECM-Receptor","KEGG: hsa04512"
"nmSC","C3high_Myeloid","LAMA3","ITGA6_ITGB1",0.000167178373005665,0,"LAMA3_ITGA6_ITGB1","LAMA3 - (ITGA6+ITGB1)","LAMININ","ECM-Receptor","KEGG: hsa04512"
"myeSC","C3low_Myeloid","LAMA3","ITGA6_ITGB1",0.00157829907590194,0,"LAMA3_ITGA6_ITGB1","LAMA3 - (ITGA6+ITGB1)","LAMININ","ECM-Receptor","KEGG: hsa04512"
"nmSC","C3low_Myeloid","LAMA3","ITGA6_ITGB1",8.72761596438515e-05,0,"LAMA3_ITGA6_ITGB1","LAMA3 - (ITGA6+ITGB1)","LAMININ","ECM-Receptor","KEGG: hsa04512"
"myeSC","C3high_Myeloid","LAMA4","ITGA6_ITGB1",0.0107871310111144,0,"LAMA4_ITGA6_ITGB1","LAMA4 - (ITGA6+ITGB1)","LAMININ","ECM-Receptor","KEGG: hsa04512"
"nmSC","C3high_Myeloid","LAMA4","ITGA6_ITGB1",0.0100267685425375,0,"LAMA4_ITGA6_ITGB1","LAMA4 - (ITGA6+ITGB1)","LAMININ","ECM-Receptor","KEGG: hsa04512"
"myeSC","C3low_Myeloid","LAMA4","ITGA6_ITGB1",0.00566020090691726,0,"LAMA4_ITGA6_ITGB1","LAMA4 - (ITGA6+ITGB1)","LAMININ","ECM-Receptor","KEGG: hsa04512"
"nmSC","C3low_Myeloid","LAMA4","ITGA6_ITGB1",0.005259303728528,0,"LAMA4_ITGA6_ITGB1","LAMA4 - (ITGA6+ITGB1)","LAMININ","ECM-Receptor","KEGG: hsa04512"
"myeSC","C3high_Myeloid","LAMA5","ITGA6_ITGB1",0.00102409120851017,0,"LAMA5_ITGA6_ITGB1","LAMA5 - (ITGA6+ITGB1)","LAMININ","ECM-Receptor","KEGG: hsa04512"
"nmSC","C3high_Myeloid","LAMA5","ITGA6_ITGB1",0.000232600765803111,0,"LAMA5_ITGA6_ITGB1","LAMA5 - (ITGA6+ITGB1)","LAMININ","ECM-Receptor","KEGG: hsa04512"
"myeSC","C3low_Myeloid","LAMA5","ITGA6_ITGB1",0.000534850131014342,0,"LAMA5_ITGA6_ITGB1","LAMA5 - (ITGA6+ITGB1)","LAMININ","ECM-Receptor","KEGG: hsa04512"
"nmSC","C3low_Myeloid","LAMA5","ITGA6_ITGB1",0.00012143398750664,0,"LAMA5_ITGA6_ITGB1","LAMA5 - (ITGA6+ITGB1)","LAMININ","ECM-Receptor","KEGG: hsa04512"
"myeSC","C3high_Myeloid","LAMB1","ITGA6_ITGB1",0.0107896794195583,0,"LAMB1_ITGA6_ITGB1","LAMB1 - (ITGA6+ITGB1)","LAMININ","ECM-Receptor","KEGG: hsa04512"
"nmSC","C3high_Myeloid","LAMB1","ITGA6_ITGB1",0.0118681674175625,0,"LAMB1_ITGA6_ITGB1","LAMB1 - (ITGA6+ITGB1)","LAMININ","ECM-Receptor","KEGG: hsa04512"
"myeSC","C3low_Myeloid","LAMB1","ITGA6_ITGB1",0.00566154503459969,0,"LAMB1_ITGA6_ITGB1","LAMB1 - (ITGA6+ITGB1)","LAMININ","ECM-Receptor","KEGG: hsa04512"
"nmSC","C3low_Myeloid","LAMB1","ITGA6_ITGB1",0.00623067629126126,0,"LAMB1_ITGA6_ITGB1","LAMB1 - (ITGA6+ITGB1)","LAMININ","ECM-Receptor","KEGG: hsa04512"
"myeSC","C3high_Myeloid","LAMB2","ITGA6_ITGB1",0.00207071841282465,0,"LAMB2_ITGA6_ITGB1","LAMB2 - (ITGA6+ITGB1)","LAMININ","ECM-Receptor","KEGG: hsa04512"
"nmSC","C3high_Myeloid","LAMB2","ITGA6_ITGB1",0.00540477935081424,0,"LAMB2_ITGA6_ITGB1","LAMB2 - (ITGA6+ITGB1)","LAMININ","ECM-Receptor","KEGG: hsa04512"
"myeSC","C3low_Myeloid","LAMB2","ITGA6_ITGB1",0.00108201166117011,0,"LAMB2_ITGA6_ITGB1","LAMB2 - (ITGA6+ITGB1)","LAMININ","ECM-Receptor","KEGG: hsa04512"
"nmSC","C3low_Myeloid","LAMB2","ITGA6_ITGB1",0.00282866953139945,0,"LAMB2_ITGA6_ITGB1","LAMB2 - (ITGA6+ITGB1)","LAMININ","ECM-Receptor","KEGG: hsa04512"
"myeSC","C3high_Myeloid","LAMC1","ITGA6_ITGB1",0.0073057545285253,0,"LAMC1_ITGA6_ITGB1","LAMC1 - (ITGA6+ITGB1)","LAMININ","ECM-Receptor","KEGG: hsa04512"
"nmSC","C3high_Myeloid","LAMC1","ITGA6_ITGB1",0.010220660665768,0,"LAMC1_ITGA6_ITGB1","LAMC1 - (ITGA6+ITGB1)","LAMININ","ECM-Receptor","KEGG: hsa04512"
"myeSC","C3low_Myeloid","LAMC1","ITGA6_ITGB1",0.00382705885110521,0,"LAMC1_ITGA6_ITGB1","LAMC1 - (ITGA6+ITGB1)","LAMININ","ECM-Receptor","KEGG: hsa04512"
"nmSC","C3low_Myeloid","LAMC1","ITGA6_ITGB1",0.00536150453164139,0,"LAMC1_ITGA6_ITGB1","LAMC1 - (ITGA6+ITGB1)","LAMININ","ECM-Receptor","KEGG: hsa04512"
"myeSC","C3high_Myeloid","FN1","ITGAV_ITGB1",0.00922346964178286,0,"FN1_ITGAV_ITGB1","FN1 - (ITGAV+ITGB1)","FN1","ECM-Receptor","KEGG: hsa04512"
"nmSC","C3high_Myeloid","FN1","ITGAV_ITGB1",0.0163951867574928,0,"FN1_ITGAV_ITGB1","FN1 - (ITGAV+ITGB1)","FN1","ECM-Receptor","KEGG: hsa04512"
"nmSC","C3low_Myeloid","FN1","ITGAV_ITGB1",0.0118429159373988,0,"FN1_ITGAV_ITGB1","FN1 - (ITGAV+ITGB1)","FN1","ECM-Receptor","KEGG: hsa04512"
"C3high_Myeloid","nmSC","FN1","ITGAV_ITGB1",0.00884783157545207,0,"FN1_ITGAV_ITGB1","FN1 - (ITGAV+ITGB1)","FN1","ECM-Receptor","KEGG: hsa04512"
"C3low_Myeloid","nmSC","FN1","ITGAV_ITGB1",0.00878103801572925,0,"FN1_ITGAV_ITGB1","FN1 - (ITGAV+ITGB1)","FN1","ECM-Receptor","KEGG: hsa04512"
"C3high_Myeloid","myeSC","FN1","ITGAV_ITGB8",0.00733648632662444,0,"FN1_ITGAV_ITGB8","FN1 - (ITGAV+ITGB8)","FN1","ECM-Receptor","KEGG: hsa04512"
"C3low_Myeloid","myeSC","FN1","ITGAV_ITGB8",0.00728101831733199,0,"FN1_ITGAV_ITGB8","FN1 - (ITGAV+ITGB8)","FN1","ECM-Receptor","KEGG: hsa04512"
"C3high_Myeloid","nmSC","FN1","ITGAV_ITGB8",0.0103719669413639,0,"FN1_ITGAV_ITGB8","FN1 - (ITGAV+ITGB8)","FN1","ECM-Receptor","KEGG: hsa04512"
"C3low_Myeloid","nmSC","FN1","ITGAV_ITGB8",0.0102937869601728,0,"FN1_ITGAV_ITGB8","FN1 - (ITGAV+ITGB8)","FN1","ECM-Receptor","KEGG: hsa04512"
"nmSC","C3high_Myeloid","FN1","CD44",0.0128701572002699,0,"FN1_CD44","FN1 - CD44","FN1","ECM-Receptor","KEGG: hsa04512"
"myeSC","C3low_Myeloid","FN1","CD44",0.00940851309663451,0,"FN1_CD44","FN1 - CD44","FN1","ECM-Receptor","KEGG: hsa04512"
"nmSC","C3low_Myeloid","FN1","CD44",0.0167216825920371,0,"FN1_CD44","FN1 - CD44","FN1","ECM-Receptor","KEGG: hsa04512"
"C3high_Myeloid","nmSC","FN1","CD44",0.00675388841201045,0,"FN1_CD44","FN1 - CD44","FN1","ECM-Receptor","KEGG: hsa04512"
"C3low_Myeloid","nmSC","FN1","CD44",0.00670279543181969,0.01,"FN1_CD44","FN1 - CD44","FN1","ECM-Receptor","KEGG: hsa04512"
"nmSC","C3high_Myeloid","COL1A1","CD44",0.00691173173319287,0,"COL1A1_CD44","COL1A1 - CD44","COLLAGEN","ECM-Receptor","KEGG: hsa04512"
"nmSC","C3low_Myeloid","COL1A1","CD44",0.00899638851026654,0,"COL1A1_CD44","COL1A1 - CD44","COLLAGEN","ECM-Receptor","KEGG: hsa04512"
"nmSC","C3high_Myeloid","COL1A2","CD44",0.0342862478667159,0,"COL1A2_CD44","COL1A2 - CD44","COLLAGEN","ECM-Receptor","KEGG: hsa04512"
"myeSC","C3low_Myeloid","COL1A2","CD44",0.00262255049495844,0,"COL1A2_CD44","COL1A2 - CD44","COLLAGEN","ECM-Receptor","KEGG: hsa04512"
"nmSC","C3low_Myeloid","COL1A2","CD44",0.0442594000712851,0,"COL1A2_CD44","COL1A2 - CD44","COLLAGEN","ECM-Receptor","KEGG: hsa04512"
"myeSC","C3high_Myeloid","COL4A1","CD44",0.0159369231406669,0,"COL4A1_CD44","COL4A1 - CD44","COLLAGEN","ECM-Receptor","KEGG: hsa04512"
"nmSC","C3high_Myeloid","COL4A1","CD44",0.0241609107414627,0,"COL4A1_CD44","COL4A1 - CD44","COLLAGEN","ECM-Receptor","KEGG: hsa04512"
"myeSC","C3low_Myeloid","COL4A1","CD44",0.0206869761872551,0,"COL4A1_CD44","COL4A1 - CD44","COLLAGEN","ECM-Receptor","KEGG: hsa04512"
"nmSC","C3low_Myeloid","COL4A1","CD44",0.03128422532194,0,"COL4A1_CD44","COL4A1 - CD44","COLLAGEN","ECM-Receptor","KEGG: hsa04512"
"myeSC","C3high_Myeloid","COL4A2","CD44",0.0211030266864969,0,"COL4A2_CD44","COL4A2 - CD44","COLLAGEN","ECM-Receptor","KEGG: hsa04512"
"nmSC","C3high_Myeloid","COL4A2","CD44",0.0214398430806422,0,"COL4A2_CD44","COL4A2 - CD44","COLLAGEN","ECM-Receptor","KEGG: hsa04512"
"myeSC","C3low_Myeloid","COL4A2","CD44",0.0273500591692825,0,"COL4A2_CD44","COL4A2 - CD44","COLLAGEN","ECM-Receptor","KEGG: hsa04512"
"nmSC","C3low_Myeloid","COL4A2","CD44",0.0277837518473393,0,"COL4A2_CD44","COL4A2 - CD44","COLLAGEN","ECM-Receptor","KEGG: hsa04512"
"myeSC","C3high_Myeloid","COL4A3","CD44",0.000392649757232088,0,"COL4A3_CD44","COL4A3 - CD44","COLLAGEN","ECM-Receptor","KEGG: hsa04512"
"myeSC","C3low_Myeloid","COL4A3","CD44",0.00051209127934031,0,"COL4A3_CD44","COL4A3 - CD44","COLLAGEN","ECM-Receptor","KEGG: hsa04512"
"myeSC","C3high_Myeloid","COL4A4","CD44",0.00152070058968471,0,"COL4A4_CD44","COL4A4 - CD44","COLLAGEN","ECM-Receptor","KEGG: hsa04512"
"nmSC","C3high_Myeloid","COL4A4","CD44",1.73067382434773e-05,0,"COL4A4_CD44","COL4A4 - CD44","COLLAGEN","ECM-Receptor","KEGG: hsa04512"
"myeSC","C3low_Myeloid","COL4A4","CD44",0.00198260730435916,0,"COL4A4_CD44","COL4A4 - CD44","COLLAGEN","ECM-Receptor","KEGG: hsa04512"
"nmSC","C3low_Myeloid","COL4A4","CD44",2.2573914757304e-05,0,"COL4A4_CD44","COL4A4 - CD44","COLLAGEN","ECM-Receptor","KEGG: hsa04512"
"myeSC","C3high_Myeloid","COL6A1","CD44",0.0046881493117546,0,"COL6A1_CD44","COL6A1 - CD44","COLLAGEN","ECM-Receptor","KEGG: hsa04512"
"nmSC","C3high_Myeloid","COL6A1","CD44",0.00991254570965861,0,"COL6A1_CD44","COL6A1 - CD44","COLLAGEN","ECM-Receptor","KEGG: hsa04512"
"myeSC","C3low_Myeloid","COL6A1","CD44",0.00610627210107977,0,"COL6A1_CD44","COL6A1 - CD44","COLLAGEN","ECM-Receptor","KEGG: hsa04512"
"nmSC","C3low_Myeloid","COL6A1","CD44",0.0128905338988364,0,"COL6A1_CD44","COL6A1 - CD44","COLLAGEN","ECM-Receptor","KEGG: hsa04512"
"nmSC","C3high_Myeloid","COL6A2","CD44",0.00921806469743345,0,"COL6A2_CD44","COL6A2 - CD44","COLLAGEN","ECM-Receptor","KEGG: hsa04512"
"nmSC","C3low_Myeloid","COL6A2","CD44",0.0119899392422391,0,"COL6A2_CD44","COL6A2 - CD44","COLLAGEN","ECM-Receptor","KEGG: hsa04512"
"myeSC","C3high_Myeloid","COL9A3","CD44",0.000618628713845057,0,"COL9A3_CD44","COL9A3 - CD44","COLLAGEN","ECM-Receptor","KEGG: hsa04512"
"nmSC","C3high_Myeloid","COL9A3","CD44",0.00320252346830963,0,"COL9A3_CD44","COL9A3 - CD44","COLLAGEN","ECM-Receptor","KEGG: hsa04512"
"myeSC","C3low_Myeloid","COL9A3","CD44",0.00080675609687644,0,"COL9A3_CD44","COL9A3 - CD44","COLLAGEN","ECM-Receptor","KEGG: hsa04512"
"nmSC","C3low_Myeloid","COL9A3","CD44",0.00417314206395146,0,"COL9A3_CD44","COL9A3 - CD44","COLLAGEN","ECM-Receptor","KEGG: hsa04512"
"myeSC","C3high_Myeloid","LAMA2","CD44",0.00287679767397258,0,"LAMA2_CD44","LAMA2 - CD44","LAMININ","ECM-Receptor","KEGG: hsa04512"
"nmSC","C3high_Myeloid","LAMA2","CD44",0.00992788358505634,0,"LAMA2_CD44","LAMA2 - CD44","LAMININ","ECM-Receptor","KEGG: hsa04512"
"myeSC","C3low_Myeloid","LAMA2","CD44",0.00374906682114746,0,"LAMA2_CD44","LAMA2 - CD44","LAMININ","ECM-Receptor","KEGG: hsa04512"
"nmSC","C3low_Myeloid","LAMA2","CD44",0.0129104195879551,0,"LAMA2_CD44","LAMA2 - CD44","LAMININ","ECM-Receptor","KEGG: hsa04512"
"myeSC","C3high_Myeloid","LAMA3","CD44",0.00503837771023061,0,"LAMA3_CD44","LAMA3 - CD44","LAMININ","ECM-Receptor","KEGG: hsa04512"
"nmSC","C3high_Myeloid","LAMA3","CD44",0.000279525364311873,0,"LAMA3_CD44","LAMA3 - CD44","LAMININ","ECM-Receptor","KEGG: hsa04512"
"myeSC","C3low_Myeloid","LAMA3","CD44",0.00656174299281174,0,"LAMA3_CD44","LAMA3 - CD44","LAMININ","ECM-Receptor","KEGG: hsa04512"
"nmSC","C3low_Myeloid","LAMA3","CD44",0.000364567726490952,0,"LAMA3_CD44","LAMA3 - CD44","LAMININ","ECM-Receptor","KEGG: hsa04512"
"myeSC","C3high_Myeloid","LAMA4","CD44",0.0179084541221513,0,"LAMA4_CD44","LAMA4 - CD44","LAMININ","ECM-Receptor","KEGG: hsa04512"
"nmSC","C3high_Myeloid","LAMA4","CD44",0.0166545755892692,0,"LAMA4_CD44","LAMA4 - CD44","LAMININ","ECM-Receptor","KEGG: hsa04512"
"myeSC","C3low_Myeloid","LAMA4","CD44",0.0232322556864152,0,"LAMA4_CD44","LAMA4 - CD44","LAMININ","ECM-Receptor","KEGG: hsa04512"
"nmSC","C3low_Myeloid","LAMA4","CD44",0.0216138292970939,0,"LAMA4_CD44","LAMA4 - CD44","LAMININ","ECM-Receptor","KEGG: hsa04512"
"myeSC","C3high_Myeloid","LAMA5","CD44",0.00171131399687604,0,"LAMA5_CD44","LAMA5 - CD44","LAMININ","ECM-Receptor","KEGG: hsa04512"
"nmSC","C3high_Myeloid","LAMA5","CD44",0.000388895727159032,0,"LAMA5_CD44","LAMA5 - CD44","LAMININ","ECM-Receptor","KEGG: hsa04512"
"myeSC","C3low_Myeloid","LAMA5","CD44",0.00223098940401448,0,"LAMA5_CD44","LAMA5 - CD44","LAMININ","ECM-Receptor","KEGG: hsa04512"
"nmSC","C3low_Myeloid","LAMA5","CD44",0.00050719587696711,0,"LAMA5_CD44","LAMA5 - CD44","LAMININ","ECM-Receptor","KEGG: hsa04512"
"myeSC","C3high_Myeloid","LAMB1","CD44",0.0179126544448481,0,"LAMB1_CD44","LAMB1 - CD44","LAMININ","ECM-Receptor","KEGG: hsa04512"
"nmSC","C3high_Myeloid","LAMB1","CD44",0.0196889520486944,0,"LAMB1_CD44","LAMB1 - CD44","LAMININ","ECM-Receptor","KEGG: hsa04512"
"myeSC","C3low_Myeloid","LAMB1","CD44",0.0232376751302772,0,"LAMB1_CD44","LAMB1 - CD44","LAMININ","ECM-Receptor","KEGG: hsa04512"
"nmSC","C3low_Myeloid","LAMB1","CD44",0.0255282990541818,0,"LAMB1_CD44","LAMB1 - CD44","LAMININ","ECM-Receptor","KEGG: hsa04512"
"myeSC","C3high_Myeloid","LAMB2","CD44",0.00345785581014397,0,"LAMB2_CD44","LAMB2 - CD44","LAMININ","ECM-Receptor","KEGG: hsa04512"
"nmSC","C3high_Myeloid","LAMB2","CD44",0.00900519063119958,0,"LAMB2_CD44","LAMB2 - CD44","LAMININ","ECM-Receptor","KEGG: hsa04512"
"myeSC","C3low_Myeloid","LAMB2","CD44",0.0045055105717776,0,"LAMB2_CD44","LAMB2 - CD44","LAMININ","ECM-Receptor","KEGG: hsa04512"
"nmSC","C3low_Myeloid","LAMB2","CD44",0.0117138106790637,0,"LAMB2_CD44","LAMB2 - CD44","LAMININ","ECM-Receptor","KEGG: hsa04512"
"myeSC","C3high_Myeloid","LAMC1","CD44",0.012157027985579,0,"LAMC1_CD44","LAMC1 - CD44","LAMININ","ECM-Receptor","KEGG: hsa04512"
"nmSC","C3high_Myeloid","LAMC1","CD44",0.0169744350310105,0,"LAMC1_CD44","LAMC1 - CD44","LAMININ","ECM-Receptor","KEGG: hsa04512"
"myeSC","C3low_Myeloid","LAMC1","CD44",0.0157985577568286,0,"LAMC1_CD44","LAMC1 - CD44","LAMININ","ECM-Receptor","KEGG: hsa04512"
"nmSC","C3low_Myeloid","LAMC1","CD44",0.0220268002095696,0,"LAMC1_CD44","LAMC1 - CD44","LAMININ","ECM-Receptor","KEGG: hsa04512"
"C3high_Myeloid","myeSC","FN1","SDC4",0.00517739373898392,0,"FN1_SDC4","FN1 - SDC4","FN1","ECM-Receptor","KEGG: hsa04512"
"C3low_Myeloid","myeSC","FN1","SDC4",0.00513816520250712,0,"FN1_SDC4","FN1 - SDC4","FN1","ECM-Receptor","KEGG: hsa04512"
"C3high_Myeloid","nmSC","FN1","SDC4",0.00514399044325879,0,"FN1_SDC4","FN1 - SDC4","FN1","ECM-Receptor","KEGG: hsa04512"
"C3low_Myeloid","nmSC","FN1","SDC4",0.0051050137010705,0,"FN1_SDC4","FN1 - SDC4","FN1","ECM-Receptor","KEGG: hsa04512"
"C3low_Myeloid","myeSC","THBS1","SDC4",0.002369454655094,0,"THBS1_SDC4","THBS1 - SDC4","THBS","ECM-Receptor","KEGG: hsa04512"
"C3low_Myeloid","nmSC","THBS1","SDC4",0.0023541246355042,0,"THBS1_SDC4","THBS1 - SDC4","THBS","ECM-Receptor","KEGG: hsa04512"
"myeSC","C3high_Myeloid","THBS1","CD47",0.00356489916008731,0,"THBS1_CD47","THBS1 - CD47","THBS","ECM-Receptor","KEGG: hsa04512"
"nmSC","C3high_Myeloid","THBS1","CD47",0.00903913869976161,0,"THBS1_CD47","THBS1 - CD47","THBS","ECM-Receptor","KEGG: hsa04512"
"myeSC","C3low_Myeloid","THBS1","CD47",0.00409516844020248,0,"THBS1_CD47","THBS1 - CD47","THBS","ECM-Receptor","KEGG: hsa04512"
"nmSC","C3low_Myeloid","THBS1","CD47",0.0103752080345173,0,"THBS1_CD47","THBS1 - CD47","THBS","ECM-Receptor","KEGG: hsa04512"
"C3low_Myeloid","myeSC","THBS1","CD47",0.00388894841953308,0,"THBS1_CD47","THBS1 - CD47","THBS","ECM-Receptor","KEGG: hsa04512"
"C3low_Myeloid","nmSC","THBS1","CD47",0.00117503126638422,0,"THBS1_CD47","THBS1 - CD47","THBS","ECM-Receptor","KEGG: hsa04512"
"myeSC","C3high_Myeloid","THBS2","CD47",0.000971033829769685,0,"THBS2_CD47","THBS2 - CD47","THBS","ECM-Receptor","KEGG: hsa04512"
"nmSC","C3high_Myeloid","THBS2","CD47",0.00468106386613874,0,"THBS2_CD47","THBS2 - CD47","THBS","ECM-Receptor","KEGG: hsa04512"
"myeSC","C3low_Myeloid","THBS2","CD47",0.00111590462293692,0,"THBS2_CD47","THBS2 - CD47","THBS","ECM-Receptor","KEGG: hsa04512"
"nmSC","C3low_Myeloid","THBS2","CD47",0.00537646385204758,0,"THBS2_CD47","THBS2 - CD47","THBS","ECM-Receptor","KEGG: hsa04512"
"C3high_Myeloid","myeSC","Glu-SLC1A3_GLS","GRIA2",0.0228472592457817,0,"Glutamate-Glu-SLC1A3_GLS_GRIA2","Glu-(SLC1A3+GLS) - GRIA2","Glutamate","Non-protein Signaling","PMID: 24155668;PMID: 14612154"
"C3low_Myeloid","myeSC","Glu-SLC1A3_GLS","GRIA2",0.0179607714006318,0,"Glutamate-Glu-SLC1A3_GLS_GRIA2","Glu-(SLC1A3+GLS) - GRIA2","Glutamate","Non-protein Signaling","PMID: 24155668;PMID: 14612154"
"C3high_Myeloid","myeSC","Glu-SLC1A3_GLS","GRIK3",0.000922663790220078,0,"Glutamate-Glu-SLC1A3_GLS_GRIK3","Glu-(SLC1A3+GLS) - GRIK3","Glutamate","Non-protein Signaling","PMID: 24155668;PMID: 14612154"
"C3low_Myeloid","myeSC","Glu-SLC1A3_GLS","GRIK3",0.000721863776018115,0,"Glutamate-Glu-SLC1A3_GLS_GRIK3","Glu-(SLC1A3+GLS) - GRIK3","Glutamate","Non-protein Signaling","PMID: 24155668;PMID: 14612154"
"C3high_Myeloid","nmSC","Glu-SLC1A3_GLS","GRIK3",0.00634030046515619,0,"Glutamate-Glu-SLC1A3_GLS_GRIK3","Glu-(SLC1A3+GLS) - GRIK3","Glutamate","Non-protein Signaling","PMID: 24155668;PMID: 14612154"
"C3low_Myeloid","nmSC","Glu-SLC1A3_GLS","GRIK3",0.00496631702476899,0,"Glutamate-Glu-SLC1A3_GLS_GRIK3","Glu-(SLC1A3+GLS) - GRIK3","Glutamate","Non-protein Signaling","PMID: 24155668;PMID: 14612154"
"nmSC","C3high_Myeloid","PGE2-PTGES3","PTGER4",0.0135071126317783,0.02,"PGE2-PTGES3_PTGER4","PGE2-PTGES3 - PTGER4","Prostaglandin","Non-protein Signaling","PMID: 34949672;PMID: 21508345"
"C3high_Myeloid","nmSC","2AG-DAGLB","CNR1",7.72631965380487e-05,0,"2arachidonoylglycerol-2AG-DAGLB_CNR1","2AG-DAGLB - CNR1","2-AG","Non-protein Signaling","PMID: 15115777"
"C3low_Myeloid","nmSC","2AG-DAGLB","CNR1",6.25633951116223e-05,0,"2arachidonoylglycerol-2AG-DAGLB_CNR1","2AG-DAGLB - CNR1","2-AG","Non-protein Signaling","PMID: 15115777"
"C3high_Myeloid","myeSC","RA-ALDH1A1","RORB",0.000348263268234495,0,"RetinoicAcid-RA-ALDH1A1_RORB","RA-ALDH1A1 - RORB","RA","Non-protein Signaling","uniprot"
"C3low_Myeloid","myeSC","RA-ALDH1A1","RORB",3.71536763171405e-05,0,"RetinoicAcid-RA-ALDH1A1_RORB","RA-ALDH1A1 - RORB","RA","Non-protein Signaling","uniprot"
"C3high_Myeloid","nmSC","RA-ALDH1A1","RORB",2.30258869710151e-05,0,"RetinoicAcid-RA-ALDH1A1_RORB","RA-ALDH1A1 - RORB","RA","Non-protein Signaling","uniprot"
"C3low_Myeloid","nmSC","RA-ALDH1A1","RORB",2.45575074675158e-06,0,"RetinoicAcid-RA-ALDH1A1_RORB","RA-ALDH1A1 - RORB","RA","Non-protein Signaling","uniprot"
"nmSC","C3high_Myeloid","DHEAS-SULT2B","PPARA",2.77714438825538e-05,0,"DHEAsulfate-DHEAS-SULT2B_PPARA","DHEAS-SULT2B - PPARA","DHEAS","Non-protein Signaling","HMRbase"
"nmSC","C3high_Myeloid","DHEAS-SULT2B","PPARD",0.000111709428276884,0,"DHEAsulfate-DHEAS-SULT2B_PPARD","DHEAS-SULT2B - PPARD","DHEAS","Non-protein Signaling","HMRbase"
"nmSC","C3low_Myeloid","DHEAS-SULT2B","PPARD",0.000129391031335411,0,"DHEAsulfate-DHEAS-SULT2B_PPARD","DHEAS-SULT2B - PPARD","DHEAS","Non-protein Signaling","HMRbase"
"nmSC","C3high_Myeloid","DHEAS-SULT2B","PPARG",0.000178906391168009,0,"DHEAsulfate-DHEAS-SULT2B_PPARG","DHEAS-SULT2B - PPARG","DHEAS","Non-protein Signaling","HMRbase"
"myeSC","C3high_Myeloid","APP","CD74",0.215707792533289,0,"APP_CD74","APP - CD74","APP","Cell-Cell Contact","PMID: 19849849"
"nmSC","C3high_Myeloid","APP","CD74",0.211132583357043,0,"APP_CD74","APP - CD74","APP","Cell-Cell Contact","PMID: 19849849"
"myeSC","C3low_Myeloid","APP","CD74",0.214113889518583,0,"APP_CD74","APP - CD74","APP","Cell-Cell Contact","PMID: 19849849"
"nmSC","C3low_Myeloid","APP","CD74",0.209563454108692,0,"APP_CD74","APP - CD74","APP","Cell-Cell Contact","PMID: 19849849"
"nmSC","C3high_Myeloid","CADM1","CADM1",0.00984330367877415,0,"CADM1_CADM1","CADM1 - CADM1","CADM","Cell-Cell Contact","PMID: 24503895"
"nmSC","C3low_Myeloid","CADM1","CADM1",0.00472639898448341,0,"CADM1_CADM1","CADM1 - CADM1","CADM","Cell-Cell Contact","PMID: 24503895"
"C3high_Myeloid","nmSC","CADM1","CADM1",0.00984330367877415,0,"CADM1_CADM1","CADM1 - CADM1","CADM","Cell-Cell Contact","PMID: 24503895"
"C3low_Myeloid","nmSC","CADM1","CADM1",0.00472639898448341,0,"CADM1_CADM1","CADM1 - CADM1","CADM","Cell-Cell Contact","PMID: 24503895"
"C3high_Myeloid","myeSC","PTPRC","CD22",0.000219440570486562,0,"PTPRC_CD22","PTPRC - CD22","CD45","Cell-Cell Contact","PMID: 12115612"
"C3low_Myeloid","myeSC","PTPRC","CD22",0.000245362028247974,0,"PTPRC_CD22","PTPRC - CD22","CD45","Cell-Cell Contact","PMID: 12115612"
"myeSC","C3high_Myeloid","PTPRC","MRC1",5.50877478726189e-07,0,"PTPRC_MRC1","PTPRC - MRC1","CD45","Cell-Cell Contact","PMID: 27601670; PMID: 10575006"
"myeSC","C3low_Myeloid","CD46","JAG1",6.19962820827837e-06,0,"CD46_JAG1","CD46 - JAG1","CD46","Cell-Cell Contact","PMID: 23086448"
"nmSC","C3low_Myeloid","CD46","JAG1",8.23332291433779e-06,0,"CD46_JAG1","CD46 - JAG1","CD46","Cell-Cell Contact","PMID: 23086448"
"myeSC","C3high_Myeloid","CD99","PILRA",0.0173899896628637,0,"CD99_PILRA","CD99 - PILRA","CD99","Cell-Cell Contact","PMID: 18234675"
"nmSC","C3high_Myeloid","CD99","PILRA",0.0261386307549253,0,"CD99_PILRA","CD99 - PILRA","CD99","Cell-Cell Contact","PMID: 18234675"
"myeSC","C3low_Myeloid","CD99","PILRA",0.0105372780340969,0,"CD99_PILRA","CD99 - PILRA","CD99","Cell-Cell Contact","PMID: 18234675"
"nmSC","C3low_Myeloid","CD99","PILRA",0.0158941883252113,0,"CD99_PILRA","CD99 - PILRA","CD99","Cell-Cell Contact","PMID: 18234675"
"myeSC","C3high_Myeloid","CD99","CD99",0.0182790288608009,0.01,"CD99_CD99","CD99 - CD99","CD99","Cell-Cell Contact","KEGG: hsa04514"
"nmSC","C3high_Myeloid","CD99","CD99",0.0274624318555165,0,"CD99_CD99","CD99 - CD99","CD99","Cell-Cell Contact","KEGG: hsa04514"
"nmSC","C3low_Myeloid","CD99","CD99",0.026019699075125,0,"CD99_CD99","CD99 - CD99","CD99","Cell-Cell Contact","KEGG: hsa04514"
"C3high_Myeloid","myeSC","CD99","CD99",0.0182790288608009,0.01,"CD99_CD99","CD99 - CD99","CD99","Cell-Cell Contact","KEGG: hsa04514"
"C3high_Myeloid","nmSC","CD99","CD99",0.0274624318555165,0,"CD99_CD99","CD99 - CD99","CD99","Cell-Cell Contact","KEGG: hsa04514"
"C3low_Myeloid","nmSC","CD99","CD99",0.026019699075125,0,"CD99_CD99","CD99 - CD99","CD99","Cell-Cell Contact","KEGG: hsa04514"
"C3high_Myeloid","myeSC","JAM2","ITGA3_ITGB1",0.000236715092470583,0,"JAM2_ITGA3_ITGB1","JAM2 - (ITGA3+ITGB1)","JAM","Cell-Cell Contact","PMID: 12070135"
"C3high_Myeloid","nmSC","JAM2","ITGA3_ITGB1",8.81338117827786e-05,0,"JAM2_ITGA3_ITGB1","JAM2 - (ITGA3+ITGB1)","JAM","Cell-Cell Contact","PMID: 12070135"
"C3high_Myeloid","myeSC","JAM2","ITGAV_ITGB1",0.000215598397558014,0,"JAM2_ITGAV_ITGB1","JAM2 - (ITGAV+ITGB1)","JAM","Cell-Cell Contact","KEGG: hsa04514"
"C3high_Myeloid","nmSC","JAM2","ITGAV_ITGB1",0.000259528797640072,0,"JAM2_ITGAV_ITGB1","JAM2 - (ITGAV+ITGB1)","JAM","Cell-Cell Contact","KEGG: hsa04514"
"myeSC","C3high_Myeloid","JAM3","ITGAM_ITGB2",0.00641343982734317,0,"JAM3_ITGAM_ITGB2","JAM3 - (ITGAM+ITGB2)","JAM","Cell-Cell Contact","KEGG: hsa04514; PMID: 16118203, PMC2194005"
"nmSC","C3high_Myeloid","JAM3","ITGAM_ITGB2",0.00327288176430119,0,"JAM3_ITGAM_ITGB2","JAM3 - (ITGAM+ITGB2)","JAM","Cell-Cell Contact","KEGG: hsa04514; PMID: 16118203, PMC2194005"
"myeSC","C3low_Myeloid","JAM3","ITGAM_ITGB2",0.00466179564912925,0,"JAM3_ITGAM_ITGB2","JAM3 - (ITGAM+ITGB2)","JAM","Cell-Cell Contact","KEGG: hsa04514; PMID: 16118203, PMC2194005"
"nmSC","C3low_Myeloid","JAM3","ITGAM_ITGB2",0.0023769375109343,0,"JAM3_ITGAM_ITGB2","JAM3 - (ITGAM+ITGB2)","JAM","Cell-Cell Contact","KEGG: hsa04514; PMID: 16118203, PMC2194005"
"C3high_Myeloid","myeSC","JAM2","JAM3",0.00012162539683689,0,"JAM2_JAM3","JAM2 - JAM3","JAM","Cell-Cell Contact","PMC1237098;  PMID: 11590146"
"C3high_Myeloid","nmSC","JAM2","JAM3",6.18755322257489e-05,0,"JAM2_JAM3","JAM2 - JAM3","JAM","Cell-Cell Contact","PMC1237098;  PMID: 11590146"
"C3high_Myeloid","myeSC","JAM2","F11R",3.12423674014862e-07,0.02,"JAM2_F11R","JAM2 - F11R","JAM","Cell-Cell Contact","KEGG: hsa04514"
"myeSC","C3high_Myeloid","JAM3","F11R",0.000869779565770058,0,"JAM3_F11R","JAM3 - F11R","JAM","Cell-Cell Contact","KEGG: hsa04514"
"nmSC","C3high_Myeloid","JAM3","F11R",0.000442653137318293,0,"JAM3_F11R","JAM3 - F11R","JAM","Cell-Cell Contact","KEGG: hsa04514"
"myeSC","C3low_Myeloid","JAM3","F11R",0.00126826314458507,0,"JAM3_F11R","JAM3 - F11R","JAM","Cell-Cell Contact","KEGG: hsa04514"
"nmSC","C3low_Myeloid","JAM3","F11R",0.000645578094601049,0,"JAM3_F11R","JAM3 - F11R","JAM","Cell-Cell Contact","KEGG: hsa04514"
"myeSC","C3high_Myeloid","MPZ","MPZL1",0.022060408283528,0,"MPZ_MPZL1","MPZ - MPZL1","MPZ","Cell-Cell Contact","KEGG: hsa04514"
"nmSC","C3high_Myeloid","MPZ","MPZL1",0.0110835476441496,0,"MPZ_MPZL1","MPZ - MPZL1","MPZ","Cell-Cell Contact","KEGG: hsa04514"
"myeSC","C3low_Myeloid","MPZ","MPZL1",0.00875417593807293,0,"MPZ_MPZL1","MPZ - MPZL1","MPZ","Cell-Cell Contact","KEGG: hsa04514"
"nmSC","C3low_Myeloid","MPZ","MPZL1",0.00436867888530195,0,"MPZ_MPZL1","MPZ - MPZL1","MPZ","Cell-Cell Contact","KEGG: hsa04514"
"nmSC","C3high_Myeloid","NECTIN3","NECTIN2",0.00015773659127028,0,"NECTIN3_NECTIN2","NECTIN3 - NECTIN2","NECTIN","Cell-Cell Contact","PMID: 23027581"
"nmSC","C3low_Myeloid","NECTIN3","NECTIN2",0.000132121580232486,0,"NECTIN3_NECTIN2","NECTIN3 - NECTIN2","NECTIN","Cell-Cell Contact","PMID: 23027581"
"C3low_Myeloid","myeSC","JAG1","NOTCH1",9.79719816666244e-07,0,"JAG1_NOTCH1","JAG1 - NOTCH1","NOTCH","Cell-Cell Contact","PMID: 22353464"
"C3low_Myeloid","nmSC","JAG1","NOTCH1",1.53220830374316e-06,0,"JAG1_NOTCH1","JAG1 - NOTCH1","NOTCH","Cell-Cell Contact","PMID: 22353464"
"C3low_Myeloid","myeSC","JAG1","NOTCH2",1.25525778793317e-06,0,"JAG1_NOTCH2","JAG1 - NOTCH2","NOTCH","Cell-Cell Contact","PMID: 22353464"
"C3low_Myeloid","nmSC","JAG1","NOTCH2",1.23409771601496e-06,0,"JAG1_NOTCH2","JAG1 - NOTCH2","NOTCH","Cell-Cell Contact","PMID: 22353464"
"C3high_Myeloid","myeSC","SEMA4A","PLXNB2",0.000461641088829705,0,"SEMA4A_PLXNB2","SEMA4A - PLXNB2","SEMA4","Cell-Cell Contact","PMID: 27533782"
"C3low_Myeloid","myeSC","SEMA4A","PLXNB2",0.000262093176620148,0,"SEMA4A_PLXNB2","SEMA4A - PLXNB2","SEMA4","Cell-Cell Contact","PMID: 27533782"
"C3high_Myeloid","nmSC","SEMA4A","PLXNB2",0.000412583276290319,0,"SEMA4A_PLXNB2","SEMA4A - PLXNB2","SEMA4","Cell-Cell Contact","PMID: 27533782"
"C3low_Myeloid","nmSC","SEMA4A","PLXNB2",0.000234236011556248,0,"SEMA4A_PLXNB2","SEMA4A - PLXNB2","SEMA4","Cell-Cell Contact","PMID: 27533782"
"C3high_Myeloid","myeSC","SEMA4D","PLXNB2",0.00155537180487941,0,"SEMA4D_PLXNB2","SEMA4D - PLXNB2","SEMA4","Cell-Cell Contact","PMID: 27533782"
"C3low_Myeloid","myeSC","SEMA4D","PLXNB2",0.00178275625060505,0,"SEMA4D_PLXNB2","SEMA4D - PLXNB2","SEMA4","Cell-Cell Contact","PMID: 27533782"
"C3high_Myeloid","nmSC","SEMA4D","PLXNB2",0.00139024675276682,0,"SEMA4D_PLXNB2","SEMA4D - PLXNB2","SEMA4","Cell-Cell Contact","PMID: 27533782"
"C3low_Myeloid","nmSC","SEMA4D","PLXNB2",0.00159352960228245,0,"SEMA4D_PLXNB2","SEMA4D - PLXNB2","SEMA4","Cell-Cell Contact","PMID: 27533782"
"myeSC","C3high_Myeloid","SEMA4C","PLXNB2",0.00175515277967062,0,"SEMA4C_PLXNB2","SEMA4C - PLXNB2","SEMA4","Cell-Cell Contact","PMID: 27533782"
"nmSC","C3high_Myeloid","SEMA4C","PLXNB2",2.41718604564069e-05,0,"SEMA4C_PLXNB2","SEMA4C - PLXNB2","SEMA4","Cell-Cell Contact","PMID: 27533782"
"myeSC","C3low_Myeloid","SEMA4C","PLXNB2",0.000548483969468745,0,"SEMA4C_PLXNB2","SEMA4C - PLXNB2","SEMA4","Cell-Cell Contact","PMID: 27533782"
"nmSC","C3low_Myeloid","SEMA4C","PLXNB2",7.5446944897559e-06,0,"SEMA4C_PLXNB2","SEMA4C - PLXNB2","SEMA4","Cell-Cell Contact","PMID: 27533782"
"myeSC","C3high_Myeloid","SEMA7A","PLXNC1",0.00019600007268225,0,"SEMA7A_PLXNC1","SEMA7A - PLXNC1","SEMA7","Cell-Cell Contact","PMID: 27533782"
"nmSC","C3high_Myeloid","SEMA7A","PLXNC1",0.000311468646651913,0,"SEMA7A_PLXNC1","SEMA7A - PLXNC1","SEMA7","Cell-Cell Contact","PMID: 27533782"
"myeSC","C3low_Myeloid","SEMA7A","PLXNC1",0.000240902051956758,0,"SEMA7A_PLXNC1","SEMA7A - PLXNC1","SEMA7","Cell-Cell Contact","PMID: 27533782"
"nmSC","C3low_Myeloid","SEMA7A","PLXNC1",0.000382813383099041,0,"SEMA7A_PLXNC1","SEMA7A - PLXNC1","SEMA7","Cell-Cell Contact","PMID: 27533782"
"myeSC","C3high_Myeloid","THY1","ITGAM_ITGB2",0.00406367487016454,0,"THY1_ITGAM_ITGB2","THY1 - (ITGAM+ITGB2)","THY1","Cell-Cell Contact","PMID: 15850796"
"nmSC","C3high_Myeloid","THY1","ITGAM_ITGB2",0.00103789953430608,0,"THY1_ITGAM_ITGB2","THY1 - (ITGAM+ITGB2)","THY1","Cell-Cell Contact","PMID: 15850796"
"myeSC","C3low_Myeloid","THY1","ITGAM_ITGB2",0.00295189384477762,0,"THY1_ITGAM_ITGB2","THY1 - (ITGAM+ITGB2)","THY1","Cell-Cell Contact","PMID: 15850796"
"nmSC","C3low_Myeloid","THY1","ITGAM_ITGB2",0.000753314390381457,0,"THY1_ITGAM_ITGB2","THY1 - (ITGAM+ITGB2)","THY1","Cell-Cell Contact","PMID: 15850796"
"myeSC","C3high_Myeloid","THY1","ITGAX_ITGB2",0.00938435956736533,0,"THY1_ITGAX_ITGB2","THY1 - (ITGAX+ITGB2)","THY1","Cell-Cell Contact","PMID: 15850796"
"nmSC","C3high_Myeloid","THY1","ITGAX_ITGB2",0.00240642332231627,0,"THY1_ITGAX_ITGB2","THY1 - (ITGAX+ITGB2)","THY1","Cell-Cell Contact","PMID: 15850796"
"myeSC","C3low_Myeloid","THY1","ITGAX_ITGB2",0.00859485663043799,0,"THY1_ITGAX_ITGB2","THY1 - (ITGAX+ITGB2)","THY1","Cell-Cell Contact","PMID: 15850796"
"nmSC","C3low_Myeloid","THY1","ITGAX_ITGB2",0.00220266642935024,0,"THY1_ITGAX_ITGB2","THY1 - (ITGAX+ITGB2)","THY1","Cell-Cell Contact","PMID: 15850796"
"C3high_Myeloid","myeSC","VSIR","IGSF11",0.00565115323591753,0,"VSIR_IGSF11","VSIR - IGSF11","VISTA","Cell-Cell Contact","KEGG: hsa04514"
"C3low_Myeloid","myeSC","VSIR","IGSF11",0.00369902992629332,0,"VSIR_IGSF11","VSIR - IGSF11","VISTA","Cell-Cell Contact","KEGG: hsa04514"
"C3high_Myeloid","nmSC","VSIR","IGSF11",0.00227620380186427,0,"VSIR_IGSF11","VSIR - IGSF11","VISTA","Cell-Cell Contact","KEGG: hsa04514"
"C3low_Myeloid","nmSC","VSIR","IGSF11",0.00148817159287241,0,"VSIR_IGSF11","VSIR - IGSF11","VISTA","Cell-Cell Contact","KEGG: hsa04514"
"myeSC","C3high_Myeloid","THY1","ADGRE2",0.00272021887997019,0,"THY1_ADGRE2","THY1 - ADGRE2","ADGRE","Cell-Cell Contact","PMID: 31462748"
"nmSC","C3high_Myeloid","THY1","ADGRE2",0.000694071521188175,0,"THY1_ADGRE2","THY1 - ADGRE2","ADGRE","Cell-Cell Contact","PMID: 31462748"
"myeSC","C3low_Myeloid","THY1","ADGRE2",0.00259789427724623,0,"THY1_ADGRE2","THY1 - ADGRE2","ADGRE","Cell-Cell Contact","PMID: 31462748"
"nmSC","C3low_Myeloid","THY1","ADGRE2",0.000662799499253467,0,"THY1_ADGRE2","THY1 - ADGRE2","ADGRE","Cell-Cell Contact","PMID: 31462748"
"myeSC","C3high_Myeloid","ITGAV_ITGB1","ADGRE2",0.00759166875913736,0,"ITGAV_ITGB1_ADGRE2","(ITGAV+ITGB1) - ADGRE2","ADGRE","Cell-Cell Contact","PMID: 31462748"
"nmSC","C3high_Myeloid","ITGAV_ITGB1","ADGRE2",0.00912483254218547,0,"ITGAV_ITGB1_ADGRE2","(ITGAV+ITGB1) - ADGRE2","ADGRE","Cell-Cell Contact","PMID: 31462748"
"myeSC","C3low_Myeloid","ITGAV_ITGB1","ADGRE2",0.00725187452204328,0,"ITGAV_ITGB1_ADGRE2","(ITGAV+ITGB1) - ADGRE2","ADGRE","Cell-Cell Contact","PMID: 31462748"
"nmSC","C3low_Myeloid","ITGAV_ITGB1","ADGRE2",0.00871701844339944,0,"ITGAV_ITGB1_ADGRE2","(ITGAV+ITGB1) - ADGRE2","ADGRE","Cell-Cell Contact","PMID: 31462748"
"nmSC","C3high_Myeloid","LPAR1","ADGRE5",0.000661473578947172,0,"LPAR1_ADGRE5","LPAR1 - ADGRE5","ADGRE","Cell-Cell Contact","PMID: 31462748"
"nmSC","C3low_Myeloid","LPAR1","ADGRE5",0.000772842797452819,0,"LPAR1_ADGRE5","LPAR1 - ADGRE5","ADGRE","Cell-Cell Contact","PMID: 31462748"
"myeSC","C3high_Myeloid","THY1","ADGRE5",0.000596579505491541,0,"THY1_ADGRE5","THY1 - ADGRE5","ADGRE","Cell-Cell Contact","PMID: 31462748"
"nmSC","C3high_Myeloid","THY1","ADGRE5",0.000151977891489256,0,"THY1_ADGRE5","THY1 - ADGRE5","ADGRE","Cell-Cell Contact","PMID: 31462748"
"myeSC","C3low_Myeloid","THY1","ADGRE5",0.000697030432531099,0,"THY1_ADGRE5","THY1 - ADGRE5","ADGRE","Cell-Cell Contact","PMID: 31462748"
"nmSC","C3low_Myeloid","THY1","ADGRE5",0.000177580942821992,0,"THY1_ADGRE5","THY1 - ADGRE5","ADGRE","Cell-Cell Contact","PMID: 31462748"
"nmSC","C3high_Myeloid","ITGAV_ITGB1","ADGRE5",0.00201127869680231,0,"ITGAV_ITGB1_ADGRE5","(ITGAV+ITGB1) - ADGRE5","ADGRE","Cell-Cell Contact","PMID: 31462748"
"nmSC","C3low_Myeloid","ITGAV_ITGB1","ADGRE5",0.00234937402859892,0,"ITGAV_ITGB1_ADGRE5","(ITGAV+ITGB1) - ADGRE5","ADGRE","Cell-Cell Contact","PMID: 31462748"
"myeSC","C3high_Myeloid","COL3A1","ADGRG1",7.78492951616025e-06,0,"COL3A1_ADGRG1","COL3A1 - ADGRG1","ADGRG","Cell-Cell Contact","PMID: 31462748;UniProtKB"
"nmSC","C3high_Myeloid","COL3A1","ADGRG1",0.000680217219662307,0,"COL3A1_ADGRG1","COL3A1 - ADGRG1","ADGRG","Cell-Cell Contact","PMID: 31462748;UniProtKB"
"myeSC","C3low_Myeloid","COL3A1","ADGRG1",4.45812658624434e-08,0,"COL3A1_ADGRG1","COL3A1 - ADGRG1","ADGRG","Cell-Cell Contact","PMID: 31462748;UniProtKB"
"nmSC","C3low_Myeloid","COL3A1","ADGRG1",3.89794577733552e-06,0,"COL3A1_ADGRG1","COL3A1 - ADGRG1","ADGRG","Cell-Cell Contact","PMID: 31462748;UniProtKB"
"myeSC","C3high_Myeloid","COL4A1","ADGRG6",0.00181036618717523,0,"COL4A1_ADGRG6","COL4A1 - ADGRG6","ADGRG","Cell-Cell Contact","PMID: 31462748"
"nmSC","C3high_Myeloid","COL4A1","ADGRG6",0.00276505904685556,0,"COL4A1_ADGRG6","COL4A1 - ADGRG6","ADGRG","Cell-Cell Contact","PMID: 31462748"
"myeSC","C3low_Myeloid","COL4A1","ADGRG6",0.000381345475212327,0,"COL4A1_ADGRG6","COL4A1 - ADGRG6","ADGRG","Cell-Cell Contact","PMID: 31462748"
"nmSC","C3low_Myeloid","COL4A1","ADGRG6",0.000582887277162231,0,"COL4A1_ADGRG6","COL4A1 - ADGRG6","ADGRG","Cell-Cell Contact","PMID: 31462748"
"myeSC","C3high_Myeloid","COL4A2","ADGRG6",0.00240842080330742,0,"COL4A2_ADGRG6","COL4A2 - ADGRG6","ADGRG","Cell-Cell Contact","PMID: 31462748"
"nmSC","C3high_Myeloid","COL4A2","ADGRG6",0.00244760663147625,0,"COL4A2_ADGRG6","COL4A2 - ADGRG6","ADGRG","Cell-Cell Contact","PMID: 31462748"
"myeSC","C3low_Myeloid","COL4A2","ADGRG6",0.000507563027197202,0,"COL4A2_ADGRG6","COL4A2 - ADGRG6","ADGRG","Cell-Cell Contact","PMID: 31462748"
"nmSC","C3low_Myeloid","COL4A2","ADGRG6",0.00051583724294482,0,"COL4A2_ADGRG6","COL4A2 - ADGRG6","ADGRG","Cell-Cell Contact","PMID: 31462748"
"myeSC","C3high_Myeloid","COL4A3","ADGRG6",4.39874333042139e-05,0,"COL4A3_ADGRG6","COL4A3 - ADGRG6","ADGRG","Cell-Cell Contact","PMID: 31462748"
"myeSC","C3low_Myeloid","COL4A3","ADGRG6",9.25282989618609e-06,0,"COL4A3_ADGRG6","COL4A3 - ADGRG6","ADGRG","Cell-Cell Contact","PMID: 31462748"
"myeSC","C3high_Myeloid","COL4A4","ADGRG6",0.000170530637244766,0,"COL4A4_ADGRG6","COL4A4 - ADGRG6","ADGRG","Cell-Cell Contact","PMID: 31462748"
"nmSC","C3high_Myeloid","COL4A4","ADGRG6",1.9381783258154e-06,0,"COL4A4_ADGRG6","COL4A4 - ADGRG6","ADGRG","Cell-Cell Contact","PMID: 31462748"
"myeSC","C3low_Myeloid","COL4A4","ADGRG6",3.58749886693017e-05,0,"COL4A4_ADGRG6","COL4A4 - ADGRG6","ADGRG","Cell-Cell Contact","PMID: 31462748"
"nmSC","C3low_Myeloid","COL4A4","ADGRG6",4.0768550317948e-07,0,"COL4A4_ADGRG6","COL4A4 - ADGRG6","ADGRG","Cell-Cell Contact","PMID: 31462748"
"myeSC","C3high_Myeloid","LAMA2","ADGRG6",0.000322992199044666,0,"LAMA2_ADGRG6","LAMA2 - ADGRG6","ADGRG","Cell-Cell Contact","PMID: 31462748"
"nmSC","C3high_Myeloid","LAMA2","ADGRG6",0.00112169364790757,0,"LAMA2_ADGRG6","LAMA2 - ADGRG6","ADGRG","Cell-Cell Contact","PMID: 31462748"
"myeSC","C3low_Myeloid","LAMA2","ADGRG6",6.79569199346238e-05,0,"LAMA2_ADGRG6","LAMA2 - ADGRG6","ADGRG","Cell-Cell Contact","PMID: 31462748"
"nmSC","C3low_Myeloid","LAMA2","ADGRG6",0.000236151103562455,0,"LAMA2_ADGRG6","LAMA2 - ADGRG6","ADGRG","Cell-Cell Contact","PMID: 31462748"
"myeSC","C3high_Myeloid","PRNP","ADGRG6",0.00228727376742324,0,"PRNP_ADGRG6","PRNP - ADGRG6","ADGRG","Cell-Cell Contact","PMID: 31462748"
"nmSC","C3high_Myeloid","PRNP","ADGRG6",0.00308053044725338,0,"PRNP_ADGRG6","PRNP - ADGRG6","ADGRG","Cell-Cell Contact","PMID: 31462748"
"nmSC","C3low_Myeloid","PRNP","ADGRG6",0.000649552278676383,0,"PRNP_ADGRG6","PRNP - ADGRG6","ADGRG","Cell-Cell Contact","PMID: 31462748"
"myeSC","C3high_Myeloid","FLRT3","UNC5B",0.000589051840472995,0,"FLRT3_UNC5B","FLRT3 - UNC5B","UNC5","Cell-Cell Contact","PMID: 27091502"
"nmSC","C3high_Myeloid","FLRT3","UNC5B",0.000247987719617413,0,"FLRT3_UNC5B","FLRT3 - UNC5B","UNC5","Cell-Cell Contact","PMID: 27091502"
"myeSC","C3low_Myeloid","FLRT3","UNC5B",5.5143094615321e-06,0,"FLRT3_UNC5B","FLRT3 - UNC5B","UNC5","Cell-Cell Contact","PMID: 27091502"
"nmSC","C3low_Myeloid","FLRT3","UNC5B",2.32071065060713e-06,0,"FLRT3_UNC5B","FLRT3 - UNC5B","UNC5","Cell-Cell Contact","PMID: 27091502"
"myeSC","C3high_Myeloid","NRXN1","CLSTN1",0.000479673740782185,0.01,"NRXN1_CLSTN1","NRXN1 - CLSTN1","NRXN","Cell-Cell Contact","PMID: 32434929"
"nmSC","C3high_Myeloid","NRXN1","CLSTN1",0.00640714407385765,0,"NRXN1_CLSTN1","NRXN1 - CLSTN1","NRXN","Cell-Cell Contact","PMID: 32434929"
"nmSC","C3low_Myeloid","NRXN1","CLSTN1",0.00308108175681033,0,"NRXN1_CLSTN1","NRXN1 - CLSTN1","NRXN","Cell-Cell Contact","PMID: 32434929"
"myeSC","C3high_Myeloid","NRXN3","CLSTN1",1.22808561310546e-06,0,"Q9HDB5_CLSTN1","NRXN3 - CLSTN1","NRXN","Cell-Cell Contact","PMID: 32434929"
"nmSC","C3high_Myeloid","NRXN3","CLSTN1",0.00148600887219114,0,"Q9HDB5_CLSTN1","NRXN3 - CLSTN1","NRXN","Cell-Cell Contact","PMID: 32434929"
"myeSC","C3low_Myeloid","NRXN3","CLSTN1",5.88594604529019e-07,0,"Q9HDB5_CLSTN1","NRXN3 - CLSTN1","NRXN","Cell-Cell Contact","PMID: 32434929"
"nmSC","C3low_Myeloid","NRXN3","CLSTN1",0.000712762666478879,0,"Q9HDB5_CLSTN1","NRXN3 - CLSTN1","NRXN","Cell-Cell Contact","PMID: 32434929"
"myeSC","C3high_Myeloid","APP","SORL1",0.0610442717541455,0,"APP_SORL1","APP - SORL1","APP","Cell-Cell Contact","PMID: 24523320"
"nmSC","C3high_Myeloid","APP","SORL1",0.0595006370831308,0,"APP_SORL1","APP - SORL1","APP","Cell-Cell Contact","PMID: 24523320"
"myeSC","C3low_Myeloid","APP","SORL1",0.0530527462120628,0,"APP_SORL1","APP - SORL1","APP","Cell-Cell Contact","PMID: 24523320"
"nmSC","C3low_Myeloid","APP","SORL1",0.0517000673887653,0,"APP_SORL1","APP - SORL1","APP","Cell-Cell Contact","PMID: 24523320"
"myeSC","C3high_Myeloid","APP","TNFRSF21",0.00186779181463699,0,"APP_TNFRSF21","APP - TNFRSF21","APP","Cell-Cell Contact","PMID: 33075465"
"nmSC","C3high_Myeloid","APP","TNFRSF21",0.00181766392170891,0,"APP_TNFRSF21","APP - TNFRSF21","APP","Cell-Cell Contact","PMID: 33075465"
"myeSC","C3low_Myeloid","APP","TNFRSF21",0.000384301302035555,0,"APP_TNFRSF21","APP - TNFRSF21","APP","Cell-Cell Contact","PMID: 33075465"
"nmSC","C3low_Myeloid","APP","TNFRSF21",0.00037397248669594,0,"APP_TNFRSF21","APP - TNFRSF21","APP","Cell-Cell Contact","PMID: 33075465"
"C3high_Myeloid","myeSC","APP","TNFRSF21",0.00104526269496742,0,"APP_TNFRSF21","APP - TNFRSF21","APP","Cell-Cell Contact","PMID: 33075465"
"C3low_Myeloid","myeSC","APP","TNFRSF21",0.00147409224969676,0,"APP_TNFRSF21","APP - TNFRSF21","APP","Cell-Cell Contact","PMID: 33075465"
"myeSC","C3high_Myeloid","APP","TREM2_TYROBP",0.115990613157693,0,"APP_TREM2_TYROBP","APP - (TREM2+TYROBP)","APP","Cell-Cell Contact","PMID:27477013"
"nmSC","C3high_Myeloid","APP","TREM2_TYROBP",0.113225089722571,0,"APP_TREM2_TYROBP","APP - (TREM2+TYROBP)","APP","Cell-Cell Contact","PMID:27477013"
"myeSC","C3low_Myeloid","APP","TREM2_TYROBP",0.072309041554937,0,"APP_TREM2_TYROBP","APP - (TREM2+TYROBP)","APP","Cell-Cell Contact","PMID:27477013"
"nmSC","C3low_Myeloid","APP","TREM2_TYROBP",0.0705019415220322,0,"APP_TREM2_TYROBP","APP - (TREM2+TYROBP)","APP","Cell-Cell Contact","PMID:27477013"
"C3high_Myeloid","nmSC","CADM1","NECTIN3",0.00102215547516728,0,"CADM1_NECTIN3","CADM1 - NECTIN3","CADM","Cell-Cell Contact","uniprot"
"C3low_Myeloid","nmSC","CADM1","NECTIN3",0.000488539655002966,0,"CADM1_NECTIN3","CADM1 - NECTIN3","CADM","Cell-Cell Contact","uniprot"
"myeSC","C3high_Myeloid","CADM3","CADM1",0.0172227301207657,0,"CADM3_CADM1","CADM3 - CADM1","CADM","Cell-Cell Contact","PMID: 33397712;"
"nmSC","C3high_Myeloid","CADM3","CADM1",0.00429885295051938,0,"CADM3_CADM1","CADM3 - CADM1","CADM","Cell-Cell Contact","PMID: 33397712;"
"myeSC","C3low_Myeloid","CADM3","CADM1",0.00830189652667147,0,"CADM3_CADM1","CADM3 - CADM1","CADM","Cell-Cell Contact","PMID: 33397712;"
"nmSC","C3low_Myeloid","CADM3","CADM1",0.00205816293472606,0,"CADM3_CADM1","CADM3 - CADM1","CADM","Cell-Cell Contact","PMID: 33397712;"
"nmSC","C3high_Myeloid","CNTN1","NOTCH2",0.0011064280724734,0,"CNTN1_NOTCH2","CNTN1 - NOTCH2","CNTN","Cell-Cell Contact","reactome;PMID:14567914;PMID: 33957164"
"nmSC","C3low_Myeloid","CNTN1","NOTCH2",0.0015913632845778,0,"CNTN1_NOTCH2","CNTN1 - NOTCH2","CNTN","Cell-Cell Contact","reactome;PMID:14567914;PMID: 33957164"
"nmSC","C3high_Myeloid","NTN4","UNC5B",5.2887127952466e-05,0,"NTN4_UNC5B","NTN4 - UNC5B","Netrin","Cell-Cell Contact","PMID: 31914695"
"nmSC","C3low_Myeloid","NTN4","UNC5B",4.94830946821811e-07,0,"NTN4_UNC5B","NTN4 - UNC5B","Netrin","Cell-Cell Contact","PMID: 31914695"
"C3high_Myeloid","myeSC","PECAM1","CD38",5.54255812699465e-05,0,"PECAM1_CD38","PECAM1 - CD38","PECAM2","Cell-Cell Contact","PMID:26407101"
"C3low_Myeloid","myeSC","PECAM1","CD38",4.25307433271712e-05,0,"PECAM1_CD38","PECAM1 - CD38","PECAM2","Cell-Cell Contact","PMID:26407101"
