"variant","replicate","tau","n_unique","status"
"original",1,0.826362120720149,23,"ok"
"original",2,0.744005952071425,23,"ok"
"original",3,0.885247370194698,24,"ok"
"original",4,0.983227012464418,25,"ok"
"original",5,0.961904761904762,21,"ok"
"original",6,0.969044891867141,26,"ok"
"original",7,0.945248881939243,27,"ok"
"original",8,0.841650570182618,22,"ok"
"original",9,0.878787878787879,22,"ok"
"original",10,0.893050089042301,26,"ok"
"original",11,0.710627478094848,24,"ok"
"original",12,0.931553885795378,25,"ok"
"original",13,0.904029100400017,26,"ok"
"original",14,0.875393655902892,26,"ok"
"original",15,0.997823718856715,22,"ok"
"original",16,0.880485075543003,23,"ok"
"original",17,0.958265108327145,25,"ok"
"original",18,0.956923076923077,26,"ok"
"original",19,0.971440919460266,25,"ok"
"original",20,0.888519752844725,24,"ok"
"original",21,0.983277591973244,25,"ok"
"original",22,0.919732441471572,25,"ok"
"original",23,0.921677303124521,24,"ok"
"original",24,0.858848615759646,23,"ok"
"original",25,0.930141573425006,23,"ok"
"original",26,0.665547158460036,25,"ok"
"original",27,0.905115517066247,24,"ok"
"original",28,0.830246913580247,26,"ok"
"original",29,0.885034620192031,22,"ok"
"original",30,0.972222222222222,26,"ok"
"original",31,0.945746663981744,26,"ok"
"original",32,0.968808970305169,24,"ok"
"original",33,0.88647133421903,22,"ok"
"original",34,0.965643860415834,26,"ok"
"original",35,0.906320233721383,22,"ok"
"original",36,0.957853741570193,25,"ok"
"original",37,0.954910521118845,20,"ok"
"original",38,0.939722915326088,26,"ok"
"original",39,0.873921303643041,22,"ok"
"original",40,0.903991895998016,31,"ok"
"original",41,0.901818181818182,24,"ok"
"original",42,0.901818181818182,24,"ok"
"original",43,0.833333333333333,25,"ok"
"original",44,0.621856643945153,25,"ok"
"original",45,0.785239320534723,25,"ok"
"original",46,0.848605577689243,23,"ok"
"original",47,0.785138081950193,25,"ok"
"original",48,0.893711430193914,22,"ok"
"original",49,0.932665219353256,25,"ok"
"original",50,0.946330037851774,25,"ok"
"original",51,0.768456375838926,25,"ok"
"original",52,0.895196506550218,22,"ok"
"original",53,0.916107382550336,25,"ok"
"original",54,0.885180599605048,25,"ok"
"original",55,0.809892775708668,26,"ok"
"original",56,0.981513991264295,25,"ok"
"original",57,0.712966358825145,26,"ok"
"original",58,0.941385420292795,25,"ok"
"original",59,0.879214432330372,25,"ok"
"original",60,0.927358140124429,26,"ok"
"original",61,0.75294223987398,25,"ok"
"original",62,0.919197129543101,25,"ok"
"original",63,0.706997987158488,26,"ok"
"original",64,0.916387959866221,25,"ok"
"original",65,0.875918242322174,24,"ok"
"original",66,0.834076543818906,27,"ok"
"original",67,0.896003185794769,28,"ok"
"original",68,0.903812740757581,24,"ok"
"original",69,0.968007744092929,23,"ok"
"original",70,0.936826998069276,26,"ok"
"original",71,0.911445319701681,24,"ok"
"original",72,0.802203184034906,24,"ok"
"original",73,0.901173793555193,25,"ok"
"original",74,0.918331820930394,24,"ok"
"original",75,0.914574147362705,25,"ok"
"original",76,0.853289577519322,25,"ok"
"original",77,0.906040268456376,25,"ok"
"original",78,0.903964607152631,22,"ok"
"original",79,0.798662214902838,25,"ok"
"original",80,0.873510840995679,21,"ok"
"original",81,0.961356757666561,25,"ok"
"original",82,0.912433066365287,24,"ok"
"original",83,0.583337926274115,23,"ok"
"original",84,0.976588628762542,25,"ok"
"original",85,0.937209003879578,21,"ok"
"original",86,0.750005905209576,23,"ok"
"original",87,0.931324589622096,25,"ok"
"original",88,0.922860909644053,27,"ok"
"original",89,0.95082124946838,24,"ok"
"original",90,0.873470854911545,20,"ok"
"original",91,0.926619664220427,27,"ok"
"original",92,0.95302550013616,25,"ok"
"original",93,0.789893617021277,28,"ok"
"original",94,0.849802371541502,23,"ok"
"original",95,0.924876080162436,25,"ok"
"original",96,0.927007299270073,24,"ok"
"original",97,0.914584411885883,25,"ok"
"original",98,0.943149087547818,25,"ok"
"original",99,0.669534063411986,27,"ok"
"original",100,0.997833150216506,22,"ok"
"original",101,0.922413793103448,27,"ok"
"original",102,0.884423351295803,25,"ok"
"original",103,0.858285142859984,23,"ok"
"original",104,0.966732477938671,28,"ok"
"original",105,0.858590725397402,25,"ok"
"original",106,0.748005984071809,23,"ok"
"original",107,0.699802575804156,23,"ok"
"original",108,0.977027629734733,27,"ok"
"original",109,0.954502732827983,25,"ok"
"original",110,0.722957661666655,20,"ok"
"original",111,0.904149709220992,27,"ok"
"original",112,0.948439642489461,27,"ok"
"original",113,0.936007488089857,23,"ok"
"original",114,0.921677303124521,24,"ok"
"original",115,0.95343454040616,26,"ok"
"original",116,0.908502940755282,23,"ok"
"original",117,0.959708627869159,23,"ok"
"original",118,0.851420218200077,25,"ok"
"original",119,0.797815531163123,24,"ok"
"original",120,0.941417204842054,24,"ok"
"original",121,0.950277854560572,24,"ok"
"original",122,0.798859586020371,27,"ok"
"original",123,0.642083940139317,22,"ok"
"original",124,0.861319604950138,24,"ok"
"original",125,0.903938749671622,22,"ok"
"original",126,0.914574147362705,25,"ok"
"original",127,0.947178256175397,24,"ok"
"original",128,0.92824029035053,21,"ok"
"original",129,0.929434845813202,28,"ok"
"original",130,0.974459044583419,24,"ok"
"original",131,0.814545454545454,24,"ok"
"original",132,0.84281407823422,25,"ok"
"original",133,0.965279599847812,24,"ok"
"original",134,0.8907575605652,25,"ok"
"original",135,0.969148601535238,24,"ok"
"original",136,0.929314000261558,25,"ok"
"original",137,0.98750482181266,26,"ok"
"original",138,0.877322076052351,25,"ok"
"original",139,0.916666666666667,23,"ok"
"original",140,0.891487051997727,25,"ok"
"original",141,0.589319599727487,24,"ok"
"original",142,0.945406202140944,27,"ok"
"original",143,0.86751504032555,24,"ok"
"original",144,0.827151301758491,22,"ok"
"original",145,0.929765886287625,25,"ok"
"original",146,0.956228956228956,25,"ok"
"original",147,0.966442953020134,25,"ok"
"original",148,0.95814989891921,26,"ok"
"original",149,0.967960904142472,25,"ok"
"original",150,0.942636791824239,26,"ok"
"original",151,0.889715676888578,29,"ok"
"original",152,0.967443023188035,26,"ok"
"original",153,0.820822961505865,27,"ok"
"original",154,0.954020326953336,21,"ok"
"original",155,0.526316656264455,24,"ok"
"original",156,0.930663662555662,26,"ok"
"original",157,0.956656346749226,26,"ok"
"original",158,0.789473684210526,22,"ok"
"original",159,0.910892875000035,23,"ok"
"original",160,0.881083151377242,25,"ok"
"original",161,0.867672909036413,25,"ok"
"original",162,0.879209644565251,23,"ok"
"original",163,0.967341760824607,26,"ok"
"original",164,0.877341902315923,25,"ok"
"original",165,0.904213174168899,25,"ok"
"original",166,0.925471585519278,25,"ok"
"original",167,0.81241188840399,26,"ok"
"original",168,0.971440919460266,25,"ok"
"original",169,0.769235071404249,25,"ok"
"original",170,0.902972067391339,23,"ok"
"original",171,0.862876254180602,25,"ok"
"original",172,0.783371678515617,22,"ok"
"original",173,0.887272727272727,24,"ok"
"original",174,0.88889099845751,22,"ok"
"original",175,0.933334455062816,26,"ok"
"original",176,0.960869565217391,22,"ok"
"original",177,0.953420746803006,26,"ok"
"original",178,0.872733042882168,24,"ok"
"original",179,0.854749241211584,25,"ok"
"original",180,0.935185185185185,26,"ok"
"original",181,0.924603174603175,23,"ok"
"original",182,0.930909090909091,24,"ok"
"original",183,0.890983026012423,26,"ok"
"original",184,0.829983105427642,24,"ok"
"original",185,0.971362654996759,27,"ok"
"original",186,0.742069334784078,23,"ok"
"original",187,0.657427031521765,23,"ok"
"original",188,0.980166447549022,23,"ok"
"original",189,0.903938749671622,22,"ok"
"original",190,0.866666666666667,21,"ok"
"original",191,0.930909090909091,24,"ok"
"original",192,0.920007360088321,23,"ok"
"original",193,0.898610125748518,23,"ok"
"original",194,0.776239145652204,23,"ok"
"original",195,0.969574381653722,22,"ok"
"original",196,0.938386471535302,23,"ok"
"original",197,0.923749468985255,22,"ok"
"original",198,0.463238424794483,24,"ok"
"original",199,0.757936507936508,23,"ok"
"original",200,0.555399112138329,26,"ok"
"original",201,0.639863371111239,24,"ok"
"original",202,0.927974501170218,25,"ok"
"original",203,0.959508741556617,25,"ok"
"original",204,0.84,23,"ok"
"original",205,0.876811594202899,24,"ok"
"original",206,0.903812740757581,24,"ok"
"original",207,0.956937799043062,21,"ok"
"original",208,0.951129931651913,25,"ok"
"original",209,0.800010168967278,25,"ok"
"original",210,0.948529411764706,24,"ok"
"original",211,0.849503078855127,25,"ok"
"original",212,0.701415481858266,23,"ok"
"original",213,0.912357838458587,23,"ok"
"original",214,0.75,20,"ok"
"original",215,0.948075031881486,25,"ok"
"original",216,0.602496093937443,26,"ok"
"original",217,0.942982456140351,22,"ok"
"original",218,0.973693575891222,22,"ok"
"original",219,0.929314000261558,25,"ok"
"original",220,0.778444664454404,23,"ok"
"original",221,0.953062205377082,28,"ok"
"original",222,0.673268646739156,23,"ok"
"original",223,0.929543355379079,29,"ok"
"original",224,0.928194772084418,28,"ok"
"original",225,0.770750988142292,23,"ok"
"original",226,0.820003346959267,27,"ok"
"original",227,0.761749255390522,25,"ok"
"original",228,0.896414342629482,23,"ok"
"original",229,0.944549821343719,25,"ok"
"original",230,0.978148610159679,23,"ok"
"original",231,0.919123858719213,24,"ok"
"original",232,0.783745876512509,24,"ok"
"original",233,0.877961383608734,24,"ok"
"original",234,0.965279599847812,24,"ok"
"original",235,0.91760161517765,26,"ok"
"original",236,0.934133597345285,23,"ok"
"original",237,0.887278593596871,24,"ok"
"original",238,0.988103017974521,23,"ok"
"original",239,0.937956204379562,24,"ok"
"original",240,0.974100408198812,23,"ok"
"original",241,0.822681477143022,24,"ok"
"original",242,0.962861072910359,27,"ok"
"original",243,0.969785176528832,27,"ok"
"original",244,0.883211678832117,24,"ok"
"original",245,0.976510067114094,25,"ok"
"original",246,0.8993339226637,25,"ok"
"original",247,0.967096840875618,27,"ok"
"original",248,0.909096919668925,24,"ok"
"original",249,0.786963959996967,22,"ok"
"original",250,0.863368029347859,23,"ok"
"original",251,0.952087690527747,26,"ok"
"original",252,0.969058824835156,26,"ok"
"original",253,0.887773439747681,25,"ok"
"original",254,0.97198427442873,28,"ok"
"original",255,0.95302550013616,25,"ok"
"original",256,0.882034120498363,24,"ok"
"original",257,0.807371316902608,25,"ok"
"original",258,0.949929441333447,27,"ok"
"original",259,0.900946063984123,26,"ok"
"original",260,0.903015083822379,25,"ok"
"original",261,0.827390285521098,27,"ok"
"original",262,0.97515998207213,26,"ok"
"original",263,0.958279234989539,26,"ok"
"original",264,0.901818181818182,24,"ok"
"original",265,0.888544891640867,26,"ok"
"original",266,0.875463748786952,24,"ok"
"original",267,0.954449100207093,22,"ok"
"original",268,0.863866766283986,25,"ok"
"original",269,0.893032915497516,26,"ok"
"original",270,0.873407727849671,24,"ok"
"original",271,0.902780196495108,30,"ok"
"original",272,0.491810621611471,24,"ok"
"original",273,0.722408026755853,25,"ok"
"original",274,0.928963289710486,24,"ok"
"original",275,0.945261769839346,24,"ok"
"original",276,0.875019974204744,25,"ok"
"original",277,0.792025345216577,23,"ok"
"original",278,0.893405373284982,23,"ok"
"original",279,0.938181818181818,24,"ok"
"original",280,0.955223880597015,29,"ok"
"original",281,0.843641941452763,24,"ok"
"original",282,0.88649669203857,22,"ok"
"original",283,0.904761904761905,23,"ok"
"original",284,0.962754668502905,27,"ok"
"original",285,0.884044850581488,25,"ok"
"original",286,0.923363813781292,24,"ok"
"original",287,0.911432291567966,27,"ok"
"original",288,0.978133145726263,23,"ok"
"original",289,0.900405552365243,23,"ok"
"original",290,0.896321070234114,25,"ok"
"original",291,0.818181818181818,22,"ok"
"original",292,0.776699265963971,23,"ok"
"original",293,0.925723222487722,25,"ok"
"original",294,0.949669776544131,25,"ok"
"original",295,0.972592085948939,27,"ok"
"original",296,0.925505231923923,27,"ok"
"original",297,0.839138366184612,22,"ok"
"original",298,0.932945699603148,26,"ok"
"original",299,0.929059355951007,25,"ok"
"original",300,0.49003984063745,23,"ok"
"original",301,0.969879859120724,27,"ok"
"original",302,0.836660026534075,23,"ok"
"original",303,0.835575174415154,25,"ok"
"original",304,0.901072739692121,28,"ok"
"original",305,0.75776762938089,26,"ok"
"original",306,0.78749660714043,24,"ok"
"original",307,0.916673884145037,23,"ok"
"original",308,0.906157650278999,22,"ok"
"original",309,0.795625736775975,24,"ok"
"original",310,0.945737570744714,26,"ok"
"original",311,0.956527088789631,25,"ok"
"original",312,0.921575812983157,23,"ok"
"original",313,0.971679865960905,22,"ok"
"original",314,0.94137485497773,25,"ok"
"original",315,0.90712509046988,26,"ok"
"original",316,0.849839655732905,24,"ok"
"original",317,0.940110441189613,24,"ok"
"original",318,0.981400122906778,25,"ok"
"original",319,0.888474420676614,23,"ok"
"original",320,0.986810822858865,20,"ok"
"original",321,0.971525651044632,25,"ok"
"original",322,0.87248322147651,25,"ok"
"original",323,0.912727272727272,24,"ok"
"original",324,0.852802865422442,25,"ok"
"original",325,0.78309352762877,24,"ok"
"original",326,0.757142857142857,27,"ok"
"original",327,0.726093819444716,22,"ok"
"original",328,0.939393939393939,25,"ok"
"original",329,0.854417707859162,21,"ok"
"original",330,0.952191235059761,23,"ok"
"original",331,0.949832775919732,25,"ok"
"original",332,0.707805158424612,24,"ok"
"original",333,0.894227608895233,23,"ok"
"original",334,0.942991526200959,22,"ok"
"original",335,0.958085740866959,23,"ok"
"original",336,0.828225979237046,22,"ok"
"original",337,0.877515177544644,24,"ok"
"original",338,0.95467006105514,20,"ok"
"original",339,0.94047619047619,23,"ok"
"original",340,0.971967333244492,26,"ok"
"original",341,0.563992650122373,22,"ok"
"original",342,0.949893321881065,22,"ok"
"original",343,0.850421369143379,25,"ok"
"original",344,0.957460353484694,20,"ok"
"original",345,0.923486064172734,20,"ok"
"original",346,0.962968421426106,25,"ok"
"original",347,0.934395484738503,23,"ok"
"original",348,0.827907971766684,26,"ok"
"original",349,0.888888888888889,20,"ok"
"original",350,0.954108921990896,23,"ok"
"original",351,0.921184554925428,26,"ok"
"original",352,0.728714300000028,23,"ok"
"original",353,0.964452465729406,26,"ok"
"original",354,0.980007840094081,23,"ok"
"original",355,0.687251344473293,22,"ok"
"original",356,0.813498468613561,23,"ok"
"original",357,0.83177973710346,26,"ok"
"original",358,0.734928786247766,24,"ok"
"original",359,0.962093097070318,23,"ok"
"original",360,0.822370033180438,23,"ok"
"original",361,0.821336253645205,20,"ok"
"original",362,0.705454545454545,24,"ok"
"original",363,0.972111553784861,23,"ok"
"original",364,0.910434168038278,24,"ok"
"original",365,0.921677303124521,24,"ok"
"original",366,0.75,26,"ok"
"original",367,0.928571428571429,27,"ok"
"original",368,0.978779840848806,28,"ok"
"original",369,0.532375631513198,21,"ok"
"original",370,0.863876526994078,25,"ok"
"original",371,0.792080760869596,23,"ok"
"original",372,0.900399200365071,28,"ok"
"original",373,0.91866028708134,21,"ok"
"original",374,0.917734623182107,24,"ok"
"original",375,0.981617647058823,24,"ok"
"original",376,0.688271604938272,26,"ok"
"original",377,0.934791444195293,22,"ok"
"original",378,0.945784448039443,25,"ok"
"original",379,0.633147178892914,19,"ok"
"original",380,0.900793650793651,23,"ok"
"original",381,0.942697279575761,27,"ok"
"original",382,0.960707849892545,22,"ok"
"original",383,0.855447221739163,23,"ok"
"original",384,0.723414489299546,28,"ok"
"original",385,0.964144276497112,28,"ok"
"original",386,0.964621136356195,25,"ok"
"original",387,0.924851488680914,20,"ok"
"original",388,0.874774580411956,24,"ok"
"original",389,0.964285714285714,23,"ok"
"original",390,0.935189639497917,26,"ok"
"original",391,0.766153946618236,23,"ok"
"original",392,0.964156802601612,27,"ok"
"original",393,0.92462441271834,25,"ok"
"original",394,0.740023681136701,23,"ok"
"original",395,0.979965195812238,24,"ok"
"original",396,0.924610454570535,23,"ok"
"original",397,0.892140430503721,24,"ok"
"original",398,0.747504326919061,27,"ok"
"original",399,0.910677542537351,22,"ok"
"original",400,0.54892757767488,21,"ok"
"original",401,0.964461681666891,26,"ok"
"original",402,0.936320272222018,22,"ok"
"original",403,0.763701446034577,27,"ok"
"original",404,0.905133601834365,24,"ok"
"original",405,0.707561347618043,27,"ok"
"original",406,0.914666666666667,28,"ok"
"original",407,0.830253273432469,25,"ok"
"original",408,0.793419973029949,24,"ok"
"original",409,0.978298525225971,25,"ok"
"original",410,0.880506040222115,23,"ok"
"original",411,0.586512785898156,19,"ok"
"original",412,0.877142857142857,27,"ok"
"original",413,0.894736842105263,19,"ok"
"original",414,0.913317070609606,26,"ok"
"original",415,0.740742498714592,22,"ok"
"original",416,0.819684369352452,24,"ok"
"original",417,0.506493506493506,22,"ok"
"original",418,0.949838088168725,25,"ok"
"original",419,0.903812740757581,24,"ok"
"original",420,0.942196531791908,27,"ok"
"original",421,0.909090909090909,21,"ok"
"original",422,0.931235914474536,27,"ok"
"original",423,0.907105329952592,24,"ok"
"original",424,0.917445092279066,24,"ok"
"original",425,0.861957747849941,25,"ok"
"original",426,0.971264367816092,27,"ok"
"original",427,0.975407166678745,27,"ok"
"original",428,0.955291820083245,27,"ok"
"original",429,0.918775781227505,28,"ok"
"original",430,0.968948771995237,26,"ok"
"original",431,0.969905090031444,25,"ok"
"original",432,0.981357727275999,27,"ok"
"original",433,0.926906253137405,26,"ok"
"original",434,0.806723828436407,25,"ok"
"original",435,0.964452465729406,26,"ok"
"original",436,0.85001660204889,26,"ok"
"original",437,0.922467031741842,23,"ok"
"original",438,0.956526351841452,26,"ok"
"original",439,0.936261701882578,24,"ok"
"original",440,0.96148617659798,25,"ok"
"original",441,0.892603974132197,21,"ok"
"original",442,0.875843857519499,25,"ok"
"original",443,0.965816217896337,23,"ok"
"original",444,0.924500327042049,26,"ok"
"original",445,0.97007727214974,23,"ok"
"original",446,0.651234567901235,26,"ok"
"original",447,0.976628775838747,26,"ok"
"original",448,0.86477582946596,25,"ok"
"original",449,0.876254180602007,25,"ok"
"original",450,0.971525651044632,25,"ok"
"original",451,0.850909090909091,24,"ok"
"original",452,0.881356978446753,26,"ok"
"original",453,0.858848615759646,23,"ok"
"original",454,0.891304347826087,22,"ok"
"original",455,0.758952042176574,21,"ok"
"original",456,0.95065415136527,24,"ok"
"original",457,0.878131440731844,25,"ok"
"original",458,0.803101740402888,26,"ok"
"original",459,0.954316086928247,25,"ok"
"original",460,0.955039907506137,26,"ok"
"original",461,0.921088069628693,22,"ok"
"original",462,0.923636363636363,24,"ok"
"original",463,0.972819307389675,27,"ok"
"original",464,0.829208541656172,26,"ok"
"original",465,0.8742532385411,23,"ok"
"original",466,0.883040935672515,19,"ok"
"original",467,0.905709984395503,29,"ok"
"original",468,0.767178865647865,25,"ok"
"original",469,0.912463084638023,25,"ok"
"original",470,0.828988989669107,27,"ok"
"original",471,0.932203196032894,27,"ok"
"original",472,0.981575916400266,25,"ok"
"original",473,0.789688757337067,23,"ok"
"original",474,0.928294219916379,23,"ok"
"original",475,0.964452465729406,26,"ok"
"original",476,0.893152421799264,26,"ok"
"original",477,0.931104272285446,25,"ok"
"original",478,0.863368029347859,23,"ok"
"original",479,0.882034120498363,24,"ok"
"original",480,0.97197041339392,28,"ok"
"original",481,0.81681710529012,25,"ok"
"original",482,0.954142895970229,24,"ok"
"original",483,0.973063973063973,25,"ok"
"original",484,0.915686576533189,21,"ok"
"original",485,0.662337662337662,22,"ok"
"original",486,0.932278315280827,23,"ok"
"original",487,0.868636279179753,24,"ok"
"original",488,0.956149547496786,22,"ok"
"original",489,0.918813682608731,23,"ok"
"original",490,0.948075031881486,25,"ok"
"original",491,0.917839385372447,26,"ok"
"original",492,0.903466248259405,26,"ok"
"original",493,0.906779540433118,25,"ok"
"original",494,0.749095861807195,24,"ok"
"original",495,0.75125313370595,25,"ok"
"original",496,0.937962451153328,24,"ok"
"original",497,0.930043670976669,26,"ok"
"original",498,0.97767319652505,24,"ok"
"original",499,0.916441735241493,27,"ok"
"original",500,0.908007264087169,23,"ok"
"anchor_genes_excluded",1,0.826362120720149,23,"ok"
"anchor_genes_excluded",2,0.746520369925931,23,"ok"
"anchor_genes_excluded",3,0.822312467225482,24,"ok"
"anchor_genes_excluded",4,0.981586932903164,25,"ok"
"anchor_genes_excluded",5,0.980952380952381,21,"ok"
"anchor_genes_excluded",6,0.961250707653576,26,"ok"
"anchor_genes_excluded",7,0.941008168323229,27,"ok"
"anchor_genes_excluded",8,0.847826086956522,22,"ok"
"anchor_genes_excluded",9,0.876357810190149,22,"ok"
"anchor_genes_excluded",10,0.885110241093667,26,"ok"
"anchor_genes_excluded",11,0.688649308669234,24,"ok"
"anchor_genes_excluded",12,0.931553885795378,25,"ok"
"anchor_genes_excluded",13,0.90852822369902,26,"ok"
"anchor_genes_excluded",14,0.870918627108971,26,"ok"
"anchor_genes_excluded",15,0.971679865960905,22,"ok"
"anchor_genes_excluded",16,0.886243433815812,23,"ok"
"anchor_genes_excluded",17,0.959866220735786,25,"ok"
"anchor_genes_excluded",18,0.955317004610117,26,"ok"
"anchor_genes_excluded",19,0.96471814493113,25,"ok"
"anchor_genes_excluded",20,0.888519752844725,24,"ok"
"anchor_genes_excluded",21,0.981575916400266,25,"ok"
"anchor_genes_excluded",22,0.926666666666667,25,"ok"
"anchor_genes_excluded",23,0.928963289710486,24,"ok"
"anchor_genes_excluded",24,0.856580503356315,23,"ok"
"anchor_genes_excluded",25,0.930141573425006,23,"ok"
"anchor_genes_excluded",26,0.665547158460036,25,"ok"
"anchor_genes_excluded",27,0.912414835752265,24,"ok"
"anchor_genes_excluded",28,0.844376965365071,26,"ok"
"anchor_genes_excluded",29,0.885034620192031,22,"ok"
"anchor_genes_excluded",30,0.973807011150958,26,"ok"
"anchor_genes_excluded",31,0.961269193066365,26,"ok"
"anchor_genes_excluded",32,0.963369963369963,24,"ok"
"anchor_genes_excluded",33,0.87012987012987,22,"ok"
"anchor_genes_excluded",34,0.957775799874994,26,"ok"
"anchor_genes_excluded",35,0.925447497806522,22,"ok"
"anchor_genes_excluded",36,0.957853741570193,25,"ok"
"anchor_genes_excluded",37,0.954910521118845,20,"ok"
"anchor_genes_excluded",38,0.938080495356037,26,"ok"
"anchor_genes_excluded",39,0.867681000188266,22,"ok"
"anchor_genes_excluded",40,0.899676898881081,31,"ok"
"anchor_genes_excluded",41,0.916369695026277,24,"ok"
"anchor_genes_excluded",42,0.901818181818182,24,"ok"
"anchor_genes_excluded",43,0.844742412567135,25,"ok"
"anchor_genes_excluded",44,0.606366009789926,25,"ok"
"anchor_genes_excluded",45,0.791950767718781,25,"ok"
"anchor_genes_excluded",46,0.842944011764097,23,"ok"
"anchor_genes_excluded",47,0.778369650209243,25,"ok"
"anchor_genes_excluded",48,0.893711430193914,22,"ok"
"anchor_genes_excluded",49,0.932665219353256,25,"ok"
"anchor_genes_excluded",50,0.939618477299634,25,"ok"
"anchor_genes_excluded",51,0.769748986299739,25,"ok"
"anchor_genes_excluded",52,0.9015338870068,22,"ok"
"anchor_genes_excluded",53,0.847572378325145,25,"ok"
"anchor_genes_excluded",54,0.944909497061262,25,"ok"
"anchor_genes_excluded",55,0.803710388107838,26,"ok"
"anchor_genes_excluded",56,0.981513991264295,25,"ok"
"anchor_genes_excluded",57,0.706793489917568,26,"ok"
"anchor_genes_excluded",58,0.934685168191067,25,"ok"
"anchor_genes_excluded",59,0.881073262843925,25,"ok"
"anchor_genes_excluded",60,0.919504643962848,26,"ok"
"anchor_genes_excluded",61,0.808729385678924,25,"ok"
"anchor_genes_excluded",62,0.912478601706095,25,"ok"
"anchor_genes_excluded",63,0.665647435589644,26,"ok"
"anchor_genes_excluded",64,0.914574147362705,25,"ok"
"anchor_genes_excluded",65,0.848828702484983,24,"ok"
"anchor_genes_excluded",66,0.97421603360413,27,"ok"
"anchor_genes_excluded",67,0.89987370690591,28,"ok"
"anchor_genes_excluded",68,0.903812740757581,24,"ok"
"anchor_genes_excluded",69,0.97007727214974,23,"ok"
"anchor_genes_excluded",70,0.930663662555662,26,"ok"
"anchor_genes_excluded",71,0.911445319701681,24,"ok"
"anchor_genes_excluded",72,0.794877127559701,24,"ok"
"anchor_genes_excluded",73,0.906040268456376,25,"ok"
"anchor_genes_excluded",74,0.918331820930394,24,"ok"
"anchor_genes_excluded",75,0.919463087248322,25,"ok"
"anchor_genes_excluded",76,0.877322076052351,25,"ok"
"anchor_genes_excluded",77,0.906040268456376,25,"ok"
"anchor_genes_excluded",78,0.87776273448154,22,"ok"
"anchor_genes_excluded",79,0.803371556231847,25,"ok"
"anchor_genes_excluded",80,0.873510840995679,21,"ok"
"anchor_genes_excluded",81,0.966464719508195,25,"ok"
"anchor_genes_excluded",82,0.910458512174224,24,"ok"
"anchor_genes_excluded",83,0.578218955434805,23,"ok"
"anchor_genes_excluded",84,0.981575916400266,25,"ok"
"anchor_genes_excluded",85,0.937209003879578,21,"ok"
"anchor_genes_excluded",86,0.896701156651971,23,"ok"
"anchor_genes_excluded",87,0.929765886287625,25,"ok"
"anchor_genes_excluded",88,0.925505231923923,27,"ok"
"anchor_genes_excluded",89,0.95082124946838,24,"ok"
"anchor_genes_excluded",90,0.869770764071256,20,"ok"
"anchor_genes_excluded",91,0.925291176563477,27,"ok"
"anchor_genes_excluded",92,0.948075031881486,25,"ok"
"anchor_genes_excluded",93,0.900140337778975,28,"ok"
"anchor_genes_excluded",94,0.849802371541502,23,"ok"
"anchor_genes_excluded",95,0.909704084443286,25,"ok"
"anchor_genes_excluded",96,0.925047249661645,24,"ok"
"anchor_genes_excluded",97,0.919483795643213,25,"ok"
"anchor_genes_excluded",98,0.943149087547818,25,"ok"
"anchor_genes_excluded",99,0.673355199696972,27,"ok"
"anchor_genes_excluded",100,0.997833150216506,22,"ok"
"anchor_genes_excluded",101,0.922413793103448,27,"ok"
"anchor_genes_excluded",102,0.882555304703557,25,"ok"
"anchor_genes_excluded",103,0.856006848082177,23,"ok"
"anchor_genes_excluded",104,0.961406128197962,28,"ok"
"anchor_genes_excluded",105,0.832488501362939,25,"ok"
"anchor_genes_excluded",106,0.75350852709283,23,"ok"
"anchor_genes_excluded",107,0.708,23,"ok"
"anchor_genes_excluded",108,0.975548656879883,27,"ok"
"anchor_genes_excluded",109,0.959481361676244,25,"ok"
"anchor_genes_excluded",110,0.715789473684211,20,"ok"
"anchor_genes_excluded",111,0.904149709220992,27,"ok"
"anchor_genes_excluded",112,0.954170395616285,27,"ok"
"anchor_genes_excluded",113,0.932007456089473,23,"ok"
"anchor_genes_excluded",114,0.921677303124521,24,"ok"
"anchor_genes_excluded",115,0.948847472716111,26,"ok"
"anchor_genes_excluded",116,0.910689503563551,23,"ok"
"anchor_genes_excluded",117,0.951682536552016,23,"ok"
"anchor_genes_excluded",118,0.849503078855127,25,"ok"
"anchor_genes_excluded",119,0.839421648892083,24,"ok"
"anchor_genes_excluded",120,0.948743408770786,24,"ok"
"anchor_genes_excluded",121,0.941176470588235,24,"ok"
"anchor_genes_excluded",122,0.804565725920516,27,"ok"
"anchor_genes_excluded",123,0.644893948926403,22,"ok"
"anchor_genes_excluded",124,0.852995960152737,24,"ok"
"anchor_genes_excluded",125,0.903938749671622,22,"ok"
"anchor_genes_excluded",126,0.906040268456376,25,"ok"
"anchor_genes_excluded",127,0.9255913610168,24,"ok"
"anchor_genes_excluded",128,0.925683428102568,21,"ok"
"anchor_genes_excluded",129,0.928003299573153,28,"ok"
"anchor_genes_excluded",130,0.963510066554392,24,"ok"
"anchor_genes_excluded",131,0.814545454545454,24,"ok"
"anchor_genes_excluded",132,0.879194630872483,25,"ok"
"anchor_genes_excluded",133,0.970702482964612,24,"ok"
"anchor_genes_excluded",134,0.885906040268457,25,"ok"
"anchor_genes_excluded",135,0.967272727272727,24,"ok"
"anchor_genes_excluded",136,0.929314000261558,25,"ok"
"anchor_genes_excluded",137,0.989046594526365,26,"ok"
"anchor_genes_excluded",138,0.879199581111528,25,"ok"
"anchor_genes_excluded",139,0.914514729744067,23,"ok"
"anchor_genes_excluded",140,0.903015083822379,25,"ok"
"anchor_genes_excluded",141,0.58563635222919,24,"ok"
"anchor_genes_excluded",142,0.948427962126373,27,"ok"
"anchor_genes_excluded",143,0.86751504032555,24,"ok"
"anchor_genes_excluded",144,0.775600969242337,22,"ok"
"anchor_genes_excluded",145,0.93823169142832,25,"ok"
"anchor_genes_excluded",146,0.949664429530201,25,"ok"
"anchor_genes_excluded",147,0.973154362416108,25,"ok"
"anchor_genes_excluded",148,0.95814989891921,26,"ok"
"anchor_genes_excluded",149,0.96459919045449,25,"ok"
"anchor_genes_excluded",150,0.936444237778645,26,"ok"
"anchor_genes_excluded",151,0.891089108910891,29,"ok"
"anchor_genes_excluded",152,0.964342244267561,26,"ok"
"anchor_genes_excluded",153,0.821842473593647,27,"ok"
"anchor_genes_excluded",154,0.937209003879578,21,"ok"
"anchor_genes_excluded",155,0.528985507246377,24,"ok"
"anchor_genes_excluded",156,0.930663662555662,26,"ok"
"anchor_genes_excluded",157,0.959881115128225,26,"ok"
"anchor_genes_excluded",158,0.792959236188199,22,"ok"
"anchor_genes_excluded",159,0.910892875000035,23,"ok"
"anchor_genes_excluded",160,0.879214432330372,25,"ok"
"anchor_genes_excluded",161,0.869565217391304,25,"ok"
"anchor_genes_excluded",162,0.879209644565251,23,"ok"
"anchor_genes_excluded",163,0.967341760824607,26,"ok"
"anchor_genes_excluded",164,0.882199888908931,25,"ok"
"anchor_genes_excluded",165,0.931104272285446,25,"ok"
"anchor_genes_excluded",166,0.922344670580833,25,"ok"
"anchor_genes_excluded",167,0.810562915034477,26,"ok"
"anchor_genes_excluded",168,0.969702466331183,25,"ok"
"anchor_genes_excluded",169,0.749168069541529,25,"ok"
"anchor_genes_excluded",170,0.908737313719539,23,"ok"
"anchor_genes_excluded",171,0.904842663263611,25,"ok"
"anchor_genes_excluded",172,0.783371678515617,22,"ok"
"anchor_genes_excluded",173,0.882034120498363,24,"ok"
"anchor_genes_excluded",174,0.871461763193637,22,"ok"
"anchor_genes_excluded",175,0.93167701863354,26,"ok"
"anchor_genes_excluded",176,0.943478260869565,22,"ok"
"anchor_genes_excluded",177,0.956656346749226,26,"ok"
"anchor_genes_excluded",178,0.865460267524817,24,"ok"
"anchor_genes_excluded",179,0.847992330213864,25,"ok"
"anchor_genes_excluded",180,0.935185185185185,26,"ok"
"anchor_genes_excluded",181,0.924603174603175,23,"ok"
"anchor_genes_excluded",182,0.928963289710486,24,"ok"
"anchor_genes_excluded",183,0.914729781539969,26,"ok"
"anchor_genes_excluded",184,0.822681477143022,24,"ok"
"anchor_genes_excluded",185,0.95840199096545,27,"ok"
"anchor_genes_excluded",186,0.742069334784078,23,"ok"
"anchor_genes_excluded",187,0.594060570652197,23,"ok"
"anchor_genes_excluded",188,0.980166447549022,23,"ok"
"anchor_genes_excluded",189,0.903938749671622,22,"ok"
"anchor_genes_excluded",190,0.857142857142857,21,"ok"
"anchor_genes_excluded",191,0.9255913610168,24,"ok"
"anchor_genes_excluded",192,0.917852259117389,23,"ok"
"anchor_genes_excluded",193,0.898610125748518,23,"ok"
"anchor_genes_excluded",194,0.776239145652204,23,"ok"
"anchor_genes_excluded",195,0.976037174776874,22,"ok"
"anchor_genes_excluded",196,0.938371635737391,23,"ok"
"anchor_genes_excluded",197,0.923749468985255,22,"ok"
"anchor_genes_excluded",198,0.458722546139533,24,"ok"
"anchor_genes_excluded",199,0.726190476190476,23,"ok"
"anchor_genes_excluded",200,0.54519514981171,26,"ok"
"anchor_genes_excluded",201,0.635040725683576,24,"ok"
"anchor_genes_excluded",202,0.932885906040269,25,"ok"
"anchor_genes_excluded",203,0.959508741556617,25,"ok"
"anchor_genes_excluded",204,0.872,23,"ok"
"anchor_genes_excluded",205,0.889293660584769,24,"ok"
"anchor_genes_excluded",206,0.903812740757581,24,"ok"
"anchor_genes_excluded",207,0.964031548956331,21,"ok"
"anchor_genes_excluded",208,0.959601398973567,25,"ok"
"anchor_genes_excluded",209,0.867237914258646,25,"ok"
"anchor_genes_excluded",210,0.948529411764706,24,"ok"
"anchor_genes_excluded",211,0.92462441271834,25,"ok"
"anchor_genes_excluded",212,0.705184879507292,23,"ok"
"anchor_genes_excluded",213,0.918165501664169,23,"ok"
"anchor_genes_excluded",214,0.742708183092435,20,"ok"
"anchor_genes_excluded",215,0.94314381270903,25,"ok"
"anchor_genes_excluded",216,0.6491506980871,26,"ok"
"anchor_genes_excluded",217,0.934210526315789,22,"ok"
"anchor_genes_excluded",218,0.982465590088441,22,"ok"
"anchor_genes_excluded",219,0.917658723227172,25,"ok"
"anchor_genes_excluded",220,0.764946309974012,23,"ok"
"anchor_genes_excluded",221,0.955962555619465,28,"ok"
"anchor_genes_excluded",222,0.66798418972332,23,"ok"
"anchor_genes_excluded",223,0.943069306930693,29,"ok"
"anchor_genes_excluded",224,0.926771708719181,28,"ok"
"anchor_genes_excluded",225,0.768318338043508,23,"ok"
"anchor_genes_excluded",226,0.810271865820662,27,"ok"
"anchor_genes_excluded",227,0.759664938444283,25,"ok"
"anchor_genes_excluded",228,0.902586276747405,23,"ok"
"anchor_genes_excluded",229,0.944549821343719,25,"ok"
"anchor_genes_excluded",230,0.94842016584703,23,"ok"
"anchor_genes_excluded",231,0.911770867849459,24,"ok"
"anchor_genes_excluded",232,0.77861899019873,24,"ok"
"anchor_genes_excluded",233,0.877961383608734,24,"ok"
"anchor_genes_excluded",234,0.963529318081743,24,"ok"
"anchor_genes_excluded",235,0.915905628138645,26,"ok"
"anchor_genes_excluded",236,0.930419333739616,23,"ok"
"anchor_genes_excluded",237,0.887278593596871,24,"ok"
"anchor_genes_excluded",238,0.982180143478299,23,"ok"
"anchor_genes_excluded",239,0.936016189380953,24,"ok"
"anchor_genes_excluded",240,0.972031105493072,23,"ok"
"anchor_genes_excluded",241,0.817523692834029,24,"ok"
"anchor_genes_excluded",242,0.968575381948403,27,"ok"
"anchor_genes_excluded",243,0.974067445413,27,"ok"
"anchor_genes_excluded",244,0.870675397022769,24,"ok"
"anchor_genes_excluded",245,0.976510067114094,25,"ok"
"anchor_genes_excluded",246,0.904213174168899,25,"ok"
"anchor_genes_excluded",247,0.967096840875618,27,"ok"
"anchor_genes_excluded",248,0.903812740757581,24,"ok"
"anchor_genes_excluded",249,0.743485288173931,22,"ok"
"anchor_genes_excluded",250,0.863368029347859,23,"ok"
"anchor_genes_excluded",251,0.945905302926917,26,"ok"
"anchor_genes_excluded",252,0.96286675566688,26,"ok"
"anchor_genes_excluded",253,0.889637082580566,25,"ok"
"anchor_genes_excluded",254,0.975967227567075,28,"ok"
"anchor_genes_excluded",255,0.948085672394523,25,"ok"
"anchor_genes_excluded",256,0.882034120498363,24,"ok"
"anchor_genes_excluded",257,0.810085177721559,25,"ok"
"anchor_genes_excluded",258,0.949929441333447,27,"ok"
"anchor_genes_excluded",259,0.900946063984123,26,"ok"
"anchor_genes_excluded",260,0.909704084443286,25,"ok"
"anchor_genes_excluded",261,0.823361823361823,27,"ok"
"anchor_genes_excluded",262,0.970553133856676,26,"ok"
"anchor_genes_excluded",263,0.956674686498605,26,"ok"
"anchor_genes_excluded",264,0.901818181818182,24,"ok"
"anchor_genes_excluded",265,0.882352941176471,26,"ok"
"anchor_genes_excluded",266,0.870214184711285,24,"ok"
"anchor_genes_excluded",267,0.963125910208975,22,"ok"
"anchor_genes_excluded",268,0.861957747849941,25,"ok"
"anchor_genes_excluded",269,0.888549150050702,26,"ok"
"anchor_genes_excluded",270,0.877065696602028,24,"ok"
"anchor_genes_excluded",271,0.90972465954507,30,"ok"
"anchor_genes_excluded",272,0.472730398227841,24,"ok"
"anchor_genes_excluded",273,0.731219716807125,25,"ok"
"anchor_genes_excluded",274,0.928963289710486,24,"ok"
"anchor_genes_excluded",275,0.9523873417766,24,"ok"
"anchor_genes_excluded",276,0.876491833906399,25,"ok"
"anchor_genes_excluded",277,0.842330470878992,23,"ok"
"anchor_genes_excluded",278,0.897840664455246,23,"ok"
"anchor_genes_excluded",279,0.93624927629645,24,"ok"
"anchor_genes_excluded",280,0.955223880597015,29,"ok"
"anchor_genes_excluded",281,0.836369166095411,24,"ok"
"anchor_genes_excluded",282,0.880193092453604,22,"ok"
"anchor_genes_excluded",283,0.91053857874518,23,"ok"
"anchor_genes_excluded",284,0.961271458004268,27,"ok"
"anchor_genes_excluded",285,0.956527088789631,25,"ok"
"anchor_genes_excluded",286,0.916064495095274,24,"ok"
"anchor_genes_excluded",287,0.915594642249106,27,"ok"
"anchor_genes_excluded",288,0.972229877123524,23,"ok"
"anchor_genes_excluded",289,0.91053857874518,23,"ok"
"anchor_genes_excluded",290,0.896321070234114,25,"ok"
"anchor_genes_excluded",291,0.798266520173205,22,"ok"
"anchor_genes_excluded",292,0.768687917395936,23,"ok"
"anchor_genes_excluded",293,0.923890932639667,25,"ok"
"anchor_genes_excluded",294,0.949669776544131,25,"ok"
"anchor_genes_excluded",295,0.96831579572686,27,"ok"
"anchor_genes_excluded",296,0.928176248247996,27,"ok"
"anchor_genes_excluded",297,0.842802795587551,22,"ok"
"anchor_genes_excluded",298,0.883368868183355,26,"ok"
"anchor_genes_excluded",299,0.924115985139503,25,"ok"
"anchor_genes_excluded",300,0.469185817868695,23,"ok"
"anchor_genes_excluded",301,0.969879859120724,27,"ok"
"anchor_genes_excluded",302,0.836660026534075,23,"ok"
"anchor_genes_excluded",303,0.810721405354486,25,"ok"
"anchor_genes_excluded",304,0.898398933342886,28,"ok"
"anchor_genes_excluded",305,0.753496522451029,26,"ok"
"anchor_genes_excluded",306,0.791908955490756,24,"ok"
"anchor_genes_excluded",307,0.9065767606358,23,"ok"
"anchor_genes_excluded",308,0.902734405274339,22,"ok"
"anchor_genes_excluded",309,0.955745585125455,24,"ok"
"anchor_genes_excluded",310,0.945737570744714,26,"ok"
"anchor_genes_excluded",311,0.956527088789631,25,"ok"
"anchor_genes_excluded",312,0.915729116152572,23,"ok"
"anchor_genes_excluded",313,0.971679865960905,22,"ok"
"anchor_genes_excluded",314,0.946308724832215,25,"ok"
"anchor_genes_excluded",315,0.90712509046988,26,"ok"
"anchor_genes_excluded",316,0.865563162099746,24,"ok"
"anchor_genes_excluded",317,0.940110441189613,24,"ok"
"anchor_genes_excluded",318,0.979666645615972,25,"ok"
"anchor_genes_excluded",319,0.896442801131112,23,"ok"
"anchor_genes_excluded",320,0.986810822858865,20,"ok"
"anchor_genes_excluded",321,0.978225827948388,25,"ok"
"anchor_genes_excluded",322,0.867672909036413,25,"ok"
"anchor_genes_excluded",323,0.920289855072464,24,"ok"
"anchor_genes_excluded",324,0.876122995642783,25,"ok"
"anchor_genes_excluded",325,0.770653877514415,24,"ok"
"anchor_genes_excluded",326,0.743589743589744,27,"ok"
"anchor_genes_excluded",327,0.720175230156261,22,"ok"
"anchor_genes_excluded",328,0.948075031881486,25,"ok"
"anchor_genes_excluded",329,0.861244019138756,21,"ok"
"anchor_genes_excluded",330,0.946323937735165,23,"ok"
"anchor_genes_excluded",331,0.954775208785242,25,"ok"
"anchor_genes_excluded",332,0.702898550724638,24,"ok"
"anchor_genes_excluded",333,0.894227608895233,23,"ok"
"anchor_genes_excluded",334,0.936562849610143,22,"ok"
"anchor_genes_excluded",335,0.964007712092545,23,"ok"
"anchor_genes_excluded",336,0.79303020450621,22,"ok"
"anchor_genes_excluded",337,0.870675397022769,24,"ok"
"anchor_genes_excluded",338,0.957460353484694,20,"ok"
"anchor_genes_excluded",339,0.978148610159679,23,"ok"
"anchor_genes_excluded",340,0.968847352024922,26,"ok"
"anchor_genes_excluded",341,0.569570600881783,22,"ok"
"anchor_genes_excluded",342,0.943478260869565,22,"ok"
"anchor_genes_excluded",343,0.983170556141339,25,"ok"
"anchor_genes_excluded",344,0.960242604676942,20,"ok"
"anchor_genes_excluded",345,0.920647807371725,20,"ok"
"anchor_genes_excluded",346,0.942766286710873,25,"ok"
"anchor_genes_excluded",347,0.974156994727376,23,"ok"
"anchor_genes_excluded",348,0.823533358583577,26,"ok"
"anchor_genes_excluded",349,0.896554878161583,20,"ok"
"anchor_genes_excluded",350,0.958101009530607,23,"ok"
"anchor_genes_excluded",351,0.922843901682763,26,"ok"
"anchor_genes_excluded",352,0.723320158102767,23,"ok"
"anchor_genes_excluded",353,0.962852911727415,26,"ok"
"anchor_genes_excluded",354,0.978061447229161,23,"ok"
"anchor_genes_excluded",355,0.682845887136926,22,"ok"
"anchor_genes_excluded",356,0.807922376086988,23,"ok"
"anchor_genes_excluded",357,0.827380700481593,26,"ok"
"anchor_genes_excluded",358,0.720303337765224,24,"ok"
"anchor_genes_excluded",359,0.962093097070318,23,"ok"
"anchor_genes_excluded",360,0.885773321742104,23,"ok"
"anchor_genes_excluded",361,0.909587335810459,20,"ok"
"anchor_genes_excluded",362,0.700545618338206,24,"ok"
"anchor_genes_excluded",363,0.978045860468354,23,"ok"
"anchor_genes_excluded",364,0.910421996702568,24,"ok"
"anchor_genes_excluded",365,0.927013473124301,24,"ok"
"anchor_genes_excluded",366,0.776580274715321,26,"ok"
"anchor_genes_excluded",367,0.92703957527722,27,"ok"
"anchor_genes_excluded",368,0.972186283221534,28,"ok"
"anchor_genes_excluded",369,0.550750344848129,21,"ok"
"anchor_genes_excluded",370,0.868691792755018,25,"ok"
"anchor_genes_excluded",371,0.797619047619048,23,"ok"
"anchor_genes_excluded",372,0.896551724137931,28,"ok"
"anchor_genes_excluded",373,0.91866028708134,21,"ok"
"anchor_genes_excluded",374,0.91970802919708,24,"ok"
"anchor_genes_excluded",375,0.968808970305169,24,"ok"
"anchor_genes_excluded",376,0.684130242011116,26,"ok"
"anchor_genes_excluded",377,0.926086956521739,22,"ok"
"anchor_genes_excluded",378,0.945768145767669,25,"ok"
"anchor_genes_excluded",379,0.60179347659407,19,"ok"
"anchor_genes_excluded",380,0.895051259782643,23,"ok"
"anchor_genes_excluded",381,0.942697279575761,27,"ok"
"anchor_genes_excluded",382,0.945536013065096,22,"ok"
"anchor_genes_excluded",383,0.857707509881423,23,"ok"
"anchor_genes_excluded",384,0.714481102024338,28,"ok"
"anchor_genes_excluded",385,0.958832186819442,28,"ok"
"anchor_genes_excluded",386,0.964621136356195,25,"ok"
"anchor_genes_excluded",387,0.890695169368137,20,"ok"
"anchor_genes_excluded",388,0.882034120498363,24,"ok"
"anchor_genes_excluded",389,0.946323937735165,23,"ok"
"anchor_genes_excluded",390,0.911637767903714,26,"ok"
"anchor_genes_excluded",391,0.748005984071809,23,"ok"
"anchor_genes_excluded",392,0.965631901869934,27,"ok"
"anchor_genes_excluded",393,0.951425120333364,25,"ok"
"anchor_genes_excluded",394,0.897883941184573,23,"ok"
"anchor_genes_excluded",395,0.987251182398203,24,"ok"
"anchor_genes_excluded",396,0.932547024996034,23,"ok"
"anchor_genes_excluded",397,0.890115861737361,24,"ok"
"anchor_genes_excluded",398,0.741798187018916,27,"ok"
"anchor_genes_excluded",399,0.91703056768559,22,"ok"
"anchor_genes_excluded",400,0.54892757767488,21,"ok"
"anchor_genes_excluded",401,0.958279234989539,26,"ok"
"anchor_genes_excluded",402,0.951624958747826,22,"ok"
"anchor_genes_excluded",403,0.762597032664215,27,"ok"
"anchor_genes_excluded",404,0.910434168038278,24,"ok"
"anchor_genes_excluded",405,0.637142857142857,27,"ok"
"anchor_genes_excluded",406,0.913218437417085,28,"ok"
"anchor_genes_excluded",407,0.825508003639068,25,"ok"
"anchor_genes_excluded",408,0.786785975254382,24,"ok"
"anchor_genes_excluded",409,0.969905090031444,25,"ok"
"anchor_genes_excluded",410,0.880506040222115,23,"ok"
"anchor_genes_excluded",411,0.60233918128655,19,"ok"
"anchor_genes_excluded",412,0.882857142857143,27,"ok"
"anchor_genes_excluded",413,0.891499434565197,19,"ok"
"anchor_genes_excluded",414,0.913317070609606,26,"ok"
"anchor_genes_excluded",415,0.758171733978464,22,"ok"
"anchor_genes_excluded",416,0.819684369352452,24,"ok"
"anchor_genes_excluded",417,0.503254980109194,22,"ok"
"anchor_genes_excluded",418,0.948075031881486,25,"ok"
"anchor_genes_excluded",419,0.901824144311574,24,"ok"
"anchor_genes_excluded",420,0.936416184971098,27,"ok"
"anchor_genes_excluded",421,0.909090909090909,21,"ok"
"anchor_genes_excluded",422,0.92703957527722,27,"ok"
"anchor_genes_excluded",423,0.894551368954223,24,"ok"
"anchor_genes_excluded",424,0.921114872648182,24,"ok"
"anchor_genes_excluded",425,0.863866766283986,25,"ok"
"anchor_genes_excluded",426,0.967002429970346,27,"ok"
"anchor_genes_excluded",427,0.975407166678745,27,"ok"
"anchor_genes_excluded",428,0.9354462546549,27,"ok"
"anchor_genes_excluded",429,0.90787797871874,28,"ok"
"anchor_genes_excluded",430,0.968948771995237,26,"ok"
"anchor_genes_excluded",431,0.969905090031444,25,"ok"
"anchor_genes_excluded",432,0.981357727275999,27,"ok"
"anchor_genes_excluded",433,0.926906253137405,26,"ok"
"anchor_genes_excluded",434,0.804713804713805,25,"ok"
"anchor_genes_excluded",435,0.964452465729406,26,"ok"
"anchor_genes_excluded",436,0.842442923897472,26,"ok"
"anchor_genes_excluded",437,0.922467031741842,23,"ok"
"anchor_genes_excluded",438,0.954900066151621,26,"ok"
"anchor_genes_excluded",439,0.936261701882578,24,"ok"
"anchor_genes_excluded",440,0.954785924496251,25,"ok"
"anchor_genes_excluded",441,0.883057407563938,21,"ok"
"anchor_genes_excluded",442,0.884423351295803,25,"ok"
"anchor_genes_excluded",443,0.965980357739796,23,"ok"
"anchor_genes_excluded",444,0.927358140124429,26,"ok"
"anchor_genes_excluded",445,0.97007727214974,23,"ok"
"anchor_genes_excluded",446,0.669768246822486,26,"ok"
"anchor_genes_excluded",447,0.970388336376518,26,"ok"
"anchor_genes_excluded",448,0.858098023833019,25,"ok"
"anchor_genes_excluded",449,0.881073262843925,25,"ok"
"anchor_genes_excluded",450,0.949664429530201,25,"ok"
"anchor_genes_excluded",451,0.850909090909091,24,"ok"
"anchor_genes_excluded",452,0.92,26,"ok"
"anchor_genes_excluded",453,0.853174603174603,23,"ok"
"anchor_genes_excluded",454,0.900008506736863,22,"ok"
"anchor_genes_excluded",455,0.758952042176574,21,"ok"
"anchor_genes_excluded",456,0.967153284671533,24,"ok"
"anchor_genes_excluded",457,0.876259081338753,25,"ok"
"anchor_genes_excluded",458,0.796900182561939,26,"ok"
"anchor_genes_excluded",459,0.96108428612632,25,"ok"
"anchor_genes_excluded",460,0.955039907506137,26,"ok"
"anchor_genes_excluded",461,0.918736792931463,22,"ok"
"anchor_genes_excluded",462,0.9255913610168,24,"ok"
"anchor_genes_excluded",463,0.967096840875618,27,"ok"
"anchor_genes_excluded",464,0.824815123341456,26,"ok"
"anchor_genes_excluded",465,0.864,23,"ok"
"anchor_genes_excluded",466,0.883040935672515,19,"ok"
"anchor_genes_excluded",467,0.910669975186104,29,"ok"
"anchor_genes_excluded",468,0.789302073266968,25,"ok"
"anchor_genes_excluded",469,0.91738104826441,25,"ok"
"anchor_genes_excluded",470,0.826100837769854,27,"ok"
"anchor_genes_excluded",471,0.932203196032894,27,"ok"
"anchor_genes_excluded",472,0.981575916400266,25,"ok"
"anchor_genes_excluded",473,0.79523019977745,23,"ok"
"anchor_genes_excluded",474,0.930419333739616,23,"ok"
"anchor_genes_excluded",475,0.958270078128576,26,"ok"
"anchor_genes_excluded",476,0.966987889945037,26,"ok"
"anchor_genes_excluded",477,0.92617971139993,25,"ok"
"anchor_genes_excluded",478,0.863368029347859,23,"ok"
"anchor_genes_excluded",479,0.887278593596871,24,"ok"
"anchor_genes_excluded",480,0.974640661782365,28,"ok"
"anchor_genes_excluded",481,0.810094330760983,25,"ok"
"anchor_genes_excluded",482,0.943341427123998,24,"ok"
"anchor_genes_excluded",483,0.971333590219624,25,"ok"
"anchor_genes_excluded",484,0.922748384789408,21,"ok"
"anchor_genes_excluded",485,0.752181022538538,22,"ok"
"anchor_genes_excluded",486,0.934395484738503,23,"ok"
"anchor_genes_excluded",487,0.859245098349378,24,"ok"
"anchor_genes_excluded",488,0.962639687576018,22,"ok"
"anchor_genes_excluded",489,0.962228541730714,23,"ok"
"anchor_genes_excluded",490,0.94314381270903,25,"ok"
"anchor_genes_excluded",491,0.915002108248076,26,"ok"
"anchor_genes_excluded",492,0.901743502292006,26,"ok"
"anchor_genes_excluded",493,0.906779540433118,25,"ok"
"anchor_genes_excluded",494,0.744102858856643,24,"ok"
"anchor_genes_excluded",495,0.75503355704698,25,"ok"
"anchor_genes_excluded",496,0.937956204379562,24,"ok"
"anchor_genes_excluded",497,0.928366929201756,26,"ok"
"anchor_genes_excluded",498,0.975972092436691,24,"ok"
"anchor_genes_excluded",499,0.917994163848621,27,"ok"
"anchor_genes_excluded",500,0.903614457831325,23,"ok"
"composition_residualized",1,0.803182501775224,23,"ok"
"composition_residualized",2,-0.79523019977745,23,"ok"
"composition_residualized",3,0.739527638475406,24,"ok"
"composition_residualized",4,-0.729096989966555,25,"ok"
"composition_residualized",5,0.55691541928748,21,"ok"
"composition_residualized",6,0.783285487675357,26,"ok"
"composition_residualized",7,0.707736389684814,27,"ok"
"composition_residualized",8,0.746205660161909,22,"ok"
"composition_residualized",9,0.567099567099567,22,"ok"
"composition_residualized",10,0.770897832817337,26,"ok"
"composition_residualized",11,0.724955665303477,24,"ok"
"composition_residualized",12,0.769230769230769,25,"ok"
"composition_residualized",13,0.737657834455453,26,"ok"
"composition_residualized",14,0.941362508405494,26,"ok"
"composition_residualized",15,0.595657803975605,22,"ok"
"composition_residualized",16,0.364357150000014,23,"ok"
"composition_residualized",17,0.773333333333333,25,"ok"
"composition_residualized",18,0.862041405394999,26,"ok"
"composition_residualized",19,0.8561872909699,25,"ok"
"composition_residualized",20,0.843636363636363,24,"ok"
"composition_residualized",21,0.680067955731242,25,"ok"
"composition_residualized",22,0.635193135695517,25,"ok"
"composition_residualized",23,0.800005289308654,24,"ok"
"composition_residualized",24,0.583337926274115,23,"ok"
"composition_residualized",25,0.617822993478285,23,"ok"
"composition_residualized",26,0.814080630359962,25,"ok"
"composition_residualized",27,0.744102858856643,24,"ok"
"composition_residualized",28,0.789488818955159,26,"ok"
"composition_residualized",29,0.764199426050888,22,"ok"
"composition_residualized",30,0.873661524711978,26,"ok"
"composition_residualized",31,0.6491506980871,26,"ok"
"composition_residualized",32,0.71300967820873,24,"ok"
"composition_residualized",33,0.702821610152495,22,"ok"
"composition_residualized",34,0.657410538656952,26,"ok"
"composition_residualized",35,0.769572491267753,22,"ok"
"composition_residualized",36,0.904233608134035,25,"ok"
"composition_residualized",37,0.747368421052632,20,"ok"
"composition_residualized",38,0.785170728023687,26,"ok"
"composition_residualized",39,0.517391304347826,22,"ok"
"composition_residualized",40,0.820348242042885,31,"ok"
"composition_residualized",41,0.68123974578769,24,"ok"
"composition_residualized",42,0.792727272727273,24,"ok"
"composition_residualized",43,0.757930939338892,25,"ok"
"composition_residualized",44,0.581939799331104,25,"ok"
"composition_residualized",45,0.635455058986119,25,"ok"
"composition_residualized",46,0.842944011764097,23,"ok"
"composition_residualized",47,-0.807371316902608,25,"ok"
"composition_residualized",48,0.746205660161909,22,"ok"
"composition_residualized",49,0.874382899275514,25,"ok"
"composition_residualized",50,0.767694174129113,25,"ok"
"composition_residualized",51,0.775919732441472,25,"ok"
"composition_residualized",52,0.720530887419409,22,"ok"
"composition_residualized",53,0.617697021047115,25,"ok"
"composition_residualized",54,0.830281417134226,25,"ok"
"composition_residualized",55,0.780867916808492,26,"ok"
"composition_residualized",56,0.785239320534723,25,"ok"
"composition_residualized",57,0.784615384615385,26,"ok"
"composition_residualized",58,0.615388057123399,25,"ok"
"composition_residualized",59,0.818031190035368,25,"ok"
"composition_residualized",60,0.807396952283389,26,"ok"
"composition_residualized",61,0.812098826808969,25,"ok"
"composition_residualized",62,0.608695652173913,25,"ok"
"composition_residualized",63,0.680062636091248,26,"ok"
"composition_residualized",64,0.671119466110649,25,"ok"
"composition_residualized",65,0.819684369352452,24,"ok"
"composition_residualized",66,0.745714285714286,27,"ok"
"composition_residualized",67,0.849540732992583,28,"ok"
"composition_residualized",68,0.513662054310504,24,"ok"
"composition_residualized",69,0.879209644565251,23,"ok"
"composition_residualized",70,0.723633891662939,26,"ok"
"composition_residualized",71,0.933493411086561,24,"ok"
"composition_residualized",72,-0.814550840023357,24,"ok"
"composition_residualized",73,0.844742412567135,25,"ok"
"composition_residualized",74,0.789855072463768,24,"ok"
"composition_residualized",75,0.814071493806364,25,"ok"
"composition_residualized",76,0.718120805369128,25,"ok"
"composition_residualized",77,-0.394651036633484,25,"ok"
"composition_residualized",78,0.703056768558952,22,"ok"
"composition_residualized",79,0.756312134527889,25,"ok"
"composition_residualized",80,0.554257096618662,21,"ok"
"composition_residualized",81,0.769235071404249,25,"ok"
"composition_residualized",82,-0.272232753240235,24,"ok"
"composition_residualized",83,0.551587301587302,23,"ok"
"composition_residualized",84,0.729096989966555,25,"ok"
"composition_residualized",85,0.704761904761905,21,"ok"
"composition_residualized",86,0.837301587301587,23,"ok"
"composition_residualized",87,0.695656064574277,25,"ok"
"composition_residualized",88,0.838802565321389,27,"ok"
"composition_residualized",89,0.708029197080292,24,"ok"
"composition_residualized",90,0.670187029428213,20,"ok"
"composition_residualized",91,0.85264751059448,27,"ok"
"composition_residualized",92,0.847060019858228,25,"ok"
"composition_residualized",93,0.828685989716526,28,"ok"
"composition_residualized",94,0.760397530434812,23,"ok"
"composition_residualized",95,0.82943143812709,25,"ok"
"composition_residualized",96,-0.0475320721170015,24,"ok"
"composition_residualized",97,0.59532105526068,25,"ok"
"composition_residualized",98,0.835570469798658,25,"ok"
"composition_residualized",99,0.809189704946877,27,"ok"
"composition_residualized",100,0.656521739130435,22,"ok"
"composition_residualized",101,0.837877476413475,27,"ok"
"composition_residualized",102,-0.391960348869731,25,"ok"
"composition_residualized",103,0.682646969290558,23,"ok"
"composition_residualized",104,0.69322770293594,28,"ok"
"composition_residualized",105,0.566171302596023,25,"ok"
"composition_residualized",106,0.697031069565244,23,"ok"
"composition_residualized",107,-0.47222594031714,23,"ok"
"composition_residualized",108,0.648571428571429,27,"ok"
"composition_residualized",109,0.793333333333333,25,"ok"
"composition_residualized",110,0.659632902980525,20,"ok"
"composition_residualized",111,0.637142857142857,27,"ok"
"composition_residualized",112,0.798859586020371,27,"ok"
"composition_residualized",113,0.779337917037793,23,"ok"
"composition_residualized",114,0.642469297646955,24,"ok"
"composition_residualized",115,0.854942343699416,26,"ok"
"composition_residualized",116,0.654702356512582,23,"ok"
"composition_residualized",117,0.582835492360733,23,"ok"
"composition_residualized",118,0.809364548494983,25,"ok"
"composition_residualized",119,0.7613855982333,24,"ok"
"composition_residualized",120,0.709334251403317,24,"ok"
"composition_residualized",121,0.816698259720706,24,"ok"
"composition_residualized",122,0.747504326919061,27,"ok"
"composition_residualized",123,0.682615147621679,22,"ok"
"composition_residualized",124,0.620690677387737,24,"ok"
"composition_residualized",125,0.694144800150613,22,"ok"
"composition_residualized",126,0.706876596732312,25,"ok"
"composition_residualized",127,0.763636363636363,24,"ok"
"composition_residualized",128,0.555023923444976,21,"ok"
"composition_residualized",129,0.846480810422822,28,"ok"
"composition_residualized",130,0.71796798501573,24,"ok"
"composition_residualized",131,0.808056028660479,24,"ok"
"composition_residualized",132,0.744983221287567,25,"ok"
"composition_residualized",133,0.805101517749088,24,"ok"
"composition_residualized",134,0.735785953177257,25,"ok"
"composition_residualized",135,0.859245098349378,24,"ok"
"composition_residualized",136,0.800680126156506,25,"ok"
"composition_residualized",137,0.764253603688093,26,"ok"
"composition_residualized",138,0.714069548670219,25,"ok"
"composition_residualized",139,0.771373293784126,23,"ok"
"composition_residualized",140,0.454849498327759,25,"ok"
"composition_residualized",141,0.644809812857867,24,"ok"
"composition_residualized",142,0.747504326919061,27,"ok"
"composition_residualized",143,0.739527638475406,24,"ok"
"composition_residualized",144,0.485901360105429,22,"ok"
"composition_residualized",145,0.693468309538755,25,"ok"
"composition_residualized",146,0.9,25,"ok"
"composition_residualized",147,0.894473616651437,25,"ok"
"composition_residualized",148,0.801857585139319,26,"ok"
"composition_residualized",149,0.806666666666667,25,"ok"
"composition_residualized",150,0.859351876515304,26,"ok"
"composition_residualized",151,0.750929944560554,29,"ok"
"composition_residualized",152,0.68,26,"ok"
"composition_residualized",153,0.823730385716241,27,"ok"
"composition_residualized",154,0.847619047619048,21,"ok"
"composition_residualized",155,-0.794919639461487,24,"ok"
"composition_residualized",156,0.773325489373699,26,"ok"
"composition_residualized",157,0.75809026817448,26,"ok"
"composition_residualized",158,0.830434782608696,22,"ok"
"composition_residualized",159,0.675945669810832,23,"ok"
"composition_residualized",160,0.844742412567135,25,"ok"
"composition_residualized",161,0.744983221287567,25,"ok"
"composition_residualized",162,0.461240808042776,23,"ok"
"composition_residualized",163,0.659476899956661,26,"ok"
"composition_residualized",164,0.791964145152549,25,"ok"
"composition_residualized",165,0.836125077613314,25,"ok"
"composition_residualized",166,0.782613072646062,25,"ok"
"composition_residualized",167,0.795070281256162,26,"ok"
"composition_residualized",168,0.82077167071012,25,"ok"
"composition_residualized",169,0.657718120805369,25,"ok"
"composition_residualized",170,0.792080760869596,23,"ok"
"composition_residualized",171,0.777964356237717,25,"ok"
"composition_residualized",172,0.653596322395228,22,"ok"
"composition_residualized",173,0.608379879928044,24,"ok"
"composition_residualized",174,0.55337821962796,22,"ok"
"composition_residualized",175,0.899846984987594,26,"ok"
"composition_residualized",176,0.778260869565217,22,"ok"
"composition_residualized",177,-0.567026867252456,26,"ok"
"composition_residualized",178,0.858187492167466,24,"ok"
"composition_residualized",179,0.782608695652174,25,"ok"
"composition_residualized",180,-0.372104203767625,26,"ok"
"composition_residualized",181,0.683897971808607,23,"ok"
"composition_residualized",182,0.86751504032555,24,"ok"
"composition_residualized",183,0.702620248551957,26,"ok"
"composition_residualized",184,0.869565217391304,24,"ok"
"composition_residualized",185,0.816618911174785,27,"ok"
"composition_residualized",186,0.765873015873016,23,"ok"
"composition_residualized",187,0.641439353676125,23,"ok"
"composition_residualized",188,0.837308179890056,23,"ok"
"composition_residualized",189,0.760876756903145,22,"ok"
"composition_residualized",190,0.666666666666667,21,"ok"
"composition_residualized",191,0.741818181818182,24,"ok"
"composition_residualized",192,0.462450592885375,23,"ok"
"composition_residualized",193,0.73413276435858,23,"ok"
"composition_residualized",194,0.623015873015873,23,"ok"
"composition_residualized",195,0.633407130137434,22,"ok"
"composition_residualized",196,0.718253968253968,23,"ok"
"composition_residualized",197,0.653679653679654,22,"ok"
"composition_residualized",198,-0.729583778683831,24,"ok"
"composition_residualized",199,0.668005344064129,23,"ok"
"composition_residualized",200,0.764709547256179,26,"ok"
"composition_residualized",201,0.822681477143022,24,"ok"
"composition_residualized",202,0.680067955731242,25,"ok"
"composition_residualized",203,0.677797271743591,25,"ok"
"composition_residualized",204,0.691850273806381,23,"ok"
"composition_residualized",205,0.864521065118921,24,"ok"
"composition_residualized",206,0.8094387196343,24,"ok"
"composition_residualized",207,0.484413862908405,21,"ok"
"composition_residualized",208,0.677852348993289,25,"ok"
"composition_residualized",209,0.715723066436997,25,"ok"
"composition_residualized",210,-0.58652192017015,24,"ok"
"composition_residualized",211,0.709030100334448,25,"ok"
"composition_residualized",212,0.847526414130467,23,"ok"
"composition_residualized",213,0.427723610869582,23,"ok"
"composition_residualized",214,0.638524650085148,20,"ok"
"composition_residualized",215,0.44966696133185,25,"ok"
"composition_residualized",216,0.692307692307692,26,"ok"
"composition_residualized",217,-0.508700460329531,22,"ok"
"composition_residualized",218,-0.58695652173913,22,"ok"
"composition_residualized",219,0.764608744971834,25,"ok"
"composition_residualized",220,0.699604743083004,23,"ok"
"composition_residualized",221,0.75,28,"ok"
"composition_residualized",222,0.792834977525148,23,"ok"
"composition_residualized",223,0.803461676856917,29,"ok"
"composition_residualized",224,0.705572773937814,28,"ok"
"composition_residualized",225,0.860027521321031,23,"ok"
"composition_residualized",226,0.787965616045845,27,"ok"
"composition_residualized",227,0.760470078576316,25,"ok"
"composition_residualized",228,0.788025217210433,23,"ok"
"composition_residualized",229,0.793333333333333,25,"ok"
"composition_residualized",230,0.83399209486166,23,"ok"
"composition_residualized",231,0.676426992317596,24,"ok"
"composition_residualized",232,0.722627737226277,24,"ok"
"composition_residualized",233,0.770914187879249,24,"ok"
"composition_residualized",234,0.82909639073806,24,"ok"
"composition_residualized",235,0.795669447954809,26,"ok"
"composition_residualized",236,0.694444444444444,23,"ok"
"composition_residualized",237,0.838476879979925,24,"ok"
"composition_residualized",238,0.813492063492063,23,"ok"
"composition_residualized",239,0.705925291420117,24,"ok"
"composition_residualized",240,0.66798418972332,23,"ok"
"composition_residualized",241,0.656988377819768,24,"ok"
"composition_residualized",242,0.785714285714286,27,"ok"
"composition_residualized",243,0.627517467387287,27,"ok"
"composition_residualized",244,0.833333333333333,24,"ok"
"composition_residualized",245,0.876259081338753,25,"ok"
"composition_residualized",246,0.561345330620333,25,"ok"
"composition_residualized",247,0.838802565321389,27,"ok"
"composition_residualized",248,0.836363636363636,24,"ok"
"composition_residualized",249,0.454545454545455,22,"ok"
"composition_residualized",250,0.620279555826411,23,"ok"
"composition_residualized",251,0.791345612906179,26,"ok"
"composition_residualized",252,0.845205289072618,26,"ok"
"composition_residualized",253,0.872502871778232,25,"ok"
"composition_residualized",254,0.882981846223573,28,"ok"
"composition_residualized",255,0.735785953177257,25,"ok"
"composition_residualized",256,0.907105329952592,24,"ok"
"composition_residualized",257,0.726969194057535,25,"ok"
"composition_residualized",258,0.696149067817752,27,"ok"
"composition_residualized",259,0.795070281256162,26,"ok"
"composition_residualized",260,0.884809246364786,25,"ok"
"composition_residualized",261,0.751428571428571,27,"ok"
"composition_residualized",262,0.731484965547876,26,"ok"
"composition_residualized",263,0.682171362504384,26,"ok"
"composition_residualized",264,0.814550840023357,24,"ok"
"composition_residualized",265,0.85405374140617,26,"ok"
"composition_residualized",266,0.82909639073806,24,"ok"
"composition_residualized",267,0.895205041945326,22,"ok"
"composition_residualized",268,0.691424241094475,25,"ok"
"composition_residualized",269,0.579353538279684,26,"ok"
"composition_residualized",270,0.717669678717513,24,"ok"
"composition_residualized",271,0.785716371438697,30,"ok"
"composition_residualized",272,0.627741406997558,24,"ok"
"composition_residualized",273,0.596972226260296,25,"ok"
"composition_residualized",274,0.659381786029796,24,"ok"
"composition_residualized",275,0.829090909090909,24,"ok"
"composition_residualized",276,0.657721824037631,25,"ok"
"composition_residualized",277,0.839605606521772,23,"ok"
"composition_residualized",278,0.839605606521772,23,"ok"
"composition_residualized",279,0.807272727272727,24,"ok"
"composition_residualized",280,0.747831280046981,29,"ok"
"composition_residualized",281,0.598912057128518,24,"ok"
"composition_residualized",282,0.621739130434783,22,"ok"
"composition_residualized",283,0.752476722826116,23,"ok"
"composition_residualized",284,0.805157593123209,27,"ok"
"composition_residualized",285,0.573333333333333,25,"ok"
"composition_residualized",286,0.868613138686131,24,"ok"
"composition_residualized",287,0.837142857142857,27,"ok"
"composition_residualized",288,0.79523019977745,23,"ok"
"composition_residualized",289,0.689110261956548,23,"ok"
"composition_residualized",290,0.818031190035368,25,"ok"
"composition_residualized",291,0.650760750141199,22,"ok"
"composition_residualized",292,0.755468689788577,23,"ok"
"composition_residualized",293,0.577194207484061,25,"ok"
"composition_residualized",294,0.702341137123746,25,"ok"
"composition_residualized",295,0.908831908831909,27,"ok"
"composition_residualized",296,0.658083649116545,27,"ok"
"composition_residualized",297,0.691310881986286,22,"ok"
"composition_residualized",298,0.716923076923077,26,"ok"
"composition_residualized",299,0.800680126156506,25,"ok"
"composition_residualized",300,0.691850273806381,23,"ok"
"composition_residualized",301,0.899713467048711,27,"ok"
"composition_residualized",302,0.827039407768548,23,"ok"
"composition_residualized",303,-0.63773043794594,25,"ok"
"composition_residualized",304,0.825136169592579,28,"ok"
"composition_residualized",305,0.795070281256162,26,"ok"
"composition_residualized",306,0.874774580411956,24,"ok"
"composition_residualized",307,0.718253968253968,23,"ok"
"composition_residualized",308,0.59211095831223,22,"ok"
"composition_residualized",309,0.899819343366627,24,"ok"
"composition_residualized",310,0.762345679012346,26,"ok"
"composition_residualized",311,-0.510852130920046,25,"ok"
"composition_residualized",312,0.824707740440732,23,"ok"
"composition_residualized",313,0.691310881986286,22,"ok"
"composition_residualized",314,0.843708203406667,25,"ok"
"composition_residualized",315,0.746144334777229,26,"ok"
"composition_residualized",316,0.678836637799685,24,"ok"
"composition_residualized",317,0.768671584819265,24,"ok"
"composition_residualized",318,0.700168486442511,25,"ok"
"composition_residualized",319,0.918813682608731,23,"ok"
"composition_residualized",320,0.807390673248162,20,"ok"
"composition_residualized",321,0.66,25,"ok"
"composition_residualized",322,0.858098023833019,25,"ok"
"composition_residualized",323,0.852995960152737,24,"ok"
"composition_residualized",324,0.786666666666667,25,"ok"
"composition_residualized",325,0.710383692131548,24,"ok"
"composition_residualized",326,0.554606860408245,27,"ok"
"composition_residualized",327,0.669598672852112,22,"ok"
"composition_residualized",328,0.903010033444816,25,"ok"
"composition_residualized",329,0.77512848988034,21,"ok"
"composition_residualized",330,0.527781933295628,23,"ok"
"composition_residualized",331,0.648829431438127,25,"ok"
"composition_residualized",332,0.69107091887923,24,"ok"
"composition_residualized",333,0.739564085793028,23,"ok"
"composition_residualized",334,0.788672895690242,22,"ok"
"composition_residualized",335,0.837301587301587,23,"ok"
"composition_residualized",336,0.427016263964882,22,"ok"
"composition_residualized",337,0.800005289308654,24,"ok"
"composition_residualized",338,0.557894736842105,20,"ok"
"composition_residualized",339,0.739130434782609,23,"ok"
"composition_residualized",340,0.745763597147252,26,"ok"
"composition_residualized",341,0.792207792207792,22,"ok"
"composition_residualized",342,0.714598645818783,22,"ok"
"composition_residualized",343,0.746666666666667,25,"ok"
"composition_residualized",344,0.786282420352785,20,"ok"
"composition_residualized",345,0.751322751322751,20,"ok"
"composition_residualized",346,0.814071493806364,25,"ok"
"composition_residualized",347,0.599206349206349,23,"ok"
"composition_residualized",348,0.743827160493827,26,"ok"
"composition_residualized",349,0.518518518518518,20,"ok"
"composition_residualized",350,0.73413276435858,23,"ok"
"composition_residualized",351,0.704615384615385,26,"ok"
"composition_residualized",352,0.776239145652204,23,"ok"
"composition_residualized",353,0.760884242343678,26,"ok"
"composition_residualized",354,0.556661139844215,23,"ok"
"composition_residualized",355,0.7,22,"ok"
"composition_residualized",356,0.616303404827524,23,"ok"
"composition_residualized",357,0.700617283950617,26,"ok"
"composition_residualized",358,0.746823536521123,24,"ok"
"composition_residualized",359,0.500995025859793,23,"ok"
"composition_residualized",360,0.832675931169628,23,"ok"
"composition_residualized",361,-0.917775111964224,20,"ok"
"composition_residualized",362,0.792727272727273,24,"ok"
"composition_residualized",363,0.697031069565244,23,"ok"
"composition_residualized",364,-0.802179179547894,24,"ok"
"composition_residualized",365,0.664247917906174,24,"ok"
"composition_residualized",366,0.721110255092798,26,"ok"
"composition_residualized",367,0.804565725920516,27,"ok"
"composition_residualized",368,0.738380465196135,28,"ok"
"composition_residualized",369,-0.593301435406699,21,"ok"
"composition_residualized",370,0.789302073266968,25,"ok"
"composition_residualized",371,0.768318338043508,23,"ok"
"composition_residualized",372,0.921647559075751,28,"ok"
"composition_residualized",373,0.761904761904762,21,"ok"
"composition_residualized",374,0.838476879979925,24,"ok"
"composition_residualized",375,0.710665621326571,24,"ok"
"composition_residualized",376,0.698609798893736,26,"ok"
"composition_residualized",377,0.821746897455397,22,"ok"
"composition_residualized",378,0.89377197716937,25,"ok"
"composition_residualized",379,-0.730994152046784,19,"ok"
"composition_residualized",380,0.82376399130438,23,"ok"
"composition_residualized",381,0.854285714285714,27,"ok"
"composition_residualized",382,0.772236090167557,22,"ok"
"composition_residualized",383,0.787277897779675,23,"ok"
"composition_residualized",384,0.93617352370692,28,"ok"
"composition_residualized",385,0.712583406502977,28,"ok"
"composition_residualized",386,0.764608744971834,25,"ok"
"composition_residualized",387,0.863157894736842,20,"ok"
"composition_residualized",388,0.630434782608696,24,"ok"
"composition_residualized",389,0.776239145652204,23,"ok"
"composition_residualized",390,0.724461676347959,26,"ok"
"composition_residualized",391,0.625743801086981,23,"ok"
"composition_residualized",392,0.696149067817752,27,"ok"
"composition_residualized",393,0.852353792375298,25,"ok"
"composition_residualized",394,0.699604743083004,23,"ok"
"composition_residualized",395,0.816698259720706,24,"ok"
"composition_residualized",396,0.773809523809524,23,"ok"
"composition_residualized",397,0.756363636363636,24,"ok"
"composition_residualized",398,0.707561347618043,27,"ok"
"composition_residualized",399,0.776345658687041,22,"ok"
"composition_residualized",400,-0.593301435406699,21,"ok"
"composition_residualized",401,0.419106814925729,26,"ok"
"composition_residualized",402,0.908695652173913,22,"ok"
"composition_residualized",403,0.798859586020371,27,"ok"
"composition_residualized",404,0.863389410436804,24,"ok"
"composition_residualized",405,0.802857142857143,27,"ok"
"composition_residualized",406,0.914451577942115,28,"ok"
"composition_residualized",407,-0.809364548494983,25,"ok"
"composition_residualized",408,0.581818181818182,24,"ok"
"composition_residualized",409,0.806666666666667,25,"ok"
"composition_residualized",410,0.763420991786352,23,"ok"
"composition_residualized",411,-0.794117647058823,19,"ok"
"composition_residualized",412,0.828798426819294,27,"ok"
"composition_residualized",413,0.801169590643275,19,"ok"
"composition_residualized",414,-0.57716324285845,26,"ok"
"composition_residualized",415,0.763559280165674,22,"ok"
"composition_residualized",416,0.492753623188406,24,"ok"
"composition_residualized",417,0.577692972656724,22,"ok"
"composition_residualized",418,0.695652173913043,25,"ok"
"composition_residualized",419,0.741818181818182,24,"ok"
"composition_residualized",420,0.675251048658716,27,"ok"
"composition_residualized",421,-0.494017580800852,21,"ok"
"composition_residualized",422,0.815978005720807,27,"ok"
"composition_residualized",423,0.683636363636363,24,"ok"
"composition_residualized",424,0.759144311215919,24,"ok"
"composition_residualized",425,0.811353384402426,25,"ok"
"composition_residualized",426,-0.758623821778752,27,"ok"
"composition_residualized",427,0.641836445668603,27,"ok"
"composition_residualized",428,0.827390285521098,27,"ok"
"composition_residualized",429,0.863214572621381,28,"ok"
"composition_residualized",430,0.863793648974468,26,"ok"
"composition_residualized",431,0.664441660477707,25,"ok"
"composition_residualized",432,0.838802565321389,27,"ok"
"composition_residualized",433,0.865534264116133,26,"ok"
"composition_residualized",434,-0.662211061469745,25,"ok"
"composition_residualized",435,0.774691358024691,26,"ok"
"composition_residualized",436,0.70679012345679,26,"ok"
"composition_residualized",437,0.446640316205534,23,"ok"
"composition_residualized",438,0.822257550910327,26,"ok"
"composition_residualized",439,0.79054003621992,24,"ok"
"composition_residualized",440,0.760478613546137,25,"ok"
"composition_residualized",441,0.752380952380952,21,"ok"
"composition_residualized",442,0.890767625110625,25,"ok"
"composition_residualized",443,0.718259623507583,23,"ok"
"composition_residualized",444,0.747692307692308,26,"ok"
"composition_residualized",445,0.644268774703557,23,"ok"
"composition_residualized",446,0.81241188840399,26,"ok"
"composition_residualized",447,0.770416939201707,26,"ok"
"composition_residualized",448,0.842698706320863,25,"ok"
"composition_residualized",449,0.939618477299634,25,"ok"
"composition_residualized",450,0.901173793555193,25,"ok"
"composition_residualized",451,0.765881479115862,24,"ok"
"composition_residualized",452,0.875193642933139,26,"ok"
"composition_residualized",453,0.797619047619048,23,"ok"
"composition_residualized",454,0.55531584012049,22,"ok"
"composition_residualized",455,0.717703349282297,21,"ok"
"composition_residualized",456,0.598544132253486,24,"ok"
"composition_residualized",457,0.760470078576316,25,"ok"
"composition_residualized",458,0.583333333333333,26,"ok"
"composition_residualized",459,0.348995253570988,25,"ok"
"composition_residualized",460,0.799386523531223,26,"ok"
"composition_residualized",461,0.621739130434783,22,"ok"
"composition_residualized",462,0.852995960152737,24,"ok"
"composition_residualized",463,0.757142857142857,27,"ok"
"composition_residualized",464,0.890272321538668,26,"ok"
"composition_residualized",465,-0.421478669418398,23,"ok"
"composition_residualized",466,0.434019461564635,19,"ok"
"composition_residualized",467,0.882571749655137,29,"ok"
"composition_residualized",468,0.764608744971834,25,"ok"
"composition_residualized",469,0.829436076992408,25,"ok"
"composition_residualized",470,-0.781116679168768,27,"ok"
"composition_residualized",471,0.77825544591174,27,"ok"
"composition_residualized",472,-0.798657718120806,25,"ok"
"composition_residualized",473,0.862277166780263,23,"ok"
"composition_residualized",474,0.564622368466156,23,"ok"
"composition_residualized",475,0.729521736897884,26,"ok"
"composition_residualized",476,0.710974574095395,26,"ok"
"composition_residualized",477,0.86477582946596,25,"ok"
"composition_residualized",478,0.699802575804156,23,"ok"
"composition_residualized",479,0.635036496350365,24,"ok"
"composition_residualized",480,0.710875331564987,28,"ok"
"composition_residualized",481,0.744575328073008,25,"ok"
"composition_residualized",482,0.727272727272727,24,"ok"
"composition_residualized",483,0.671119466110649,25,"ok"
"composition_residualized",484,0.660294639527697,21,"ok"
"composition_residualized",485,0.682615147621679,22,"ok"
"composition_residualized",486,0.882705521752969,23,"ok"
"composition_residualized",487,0.797101449275362,24,"ok"
"composition_residualized",488,0.468547740101664,22,"ok"
"composition_residualized",489,0.871288836956555,23,"ok"
"composition_residualized",490,0.709030100334448,25,"ok"
"composition_residualized",491,0.783296749786883,26,"ok"
"composition_residualized",492,0.844376965365071,26,"ok"
"composition_residualized",493,0.826666666666667,25,"ok"
"composition_residualized",494,0.649728837733362,24,"ok"
"composition_residualized",495,0.753333333333333,25,"ok"
"composition_residualized",496,0.843636363636363,24,"ok"
"composition_residualized",497,0.82588695882423,26,"ok"
"composition_residualized",498,-0.471670713561999,24,"ok"
"composition_residualized",499,0.827589623758638,27,"ok"
"composition_residualized",500,-0.373764103069146,23,"ok"
